NO,TIME,SUHU,SET POINT,EROR,DELTA EROR,OUTPUT ANFIS,OUTPUT M
1,00:34:00,32.44,60.00,27.56,0.00,7.85,M3
2,00:34:02,32.44,60.00,27.56,0.00,7.85,M3
3,00:34:04,32.50,60.00,27.50,-0.06,2.58,M3
4,00:34:06,32.50,60.00,27.50,0.00,8.18,M3
5,00:34:08,32.50,60.00,27.50,0.00,8.18,M3
6,00:34:10,32.50,60.00,27.50,0.00,8.18,M3
7,00:34:12,32.50,60.00,27.50,0.00,8.18,M3
8,00:34:14,32.56,60.00,27.44,-0.06,2.58,M3
9,00:34:16,32.56,60.00,27.44,0.00,8.52,M3
10,00:34:18,32.62,60.00,27.38,-0.06,2.58,M3
11,00:34:20,32.69,60.00,27.31,-0.06,2.58,M3
12,00:34:22,32.69,60.00,27.31,0.00,9.24,M3
13,00:34:24,32.81,60.00,27.19,-0.12,2.56,M3
14,00:34:26,32.81,60.00,27.19,0.00,9.99,M3
15,00:34:28,32.88,60.00,27.12,-0.06,2.58,M3
16,00:34:30,33.00,60.00,27.00,-0.12,2.56,M3
17,00:34:32,33.06,60.00,26.94,-0.06,2.58,M3
18,00:34:34,33.12,60.00,26.88,-0.06,2.58,M3
19,00:34:36,33.25,60.00,26.75,-0.12,2.56,M3
20,00:34:38,33.31,60.00,26.69,-0.06,2.58,M3
21,00:34:40,33.38,60.00,26.62,-0.06,2.58,M3
22,00:34:42,33.50,60.00,26.50,-0.12,2.56,M3
23,00:34:44,33.62,60.00,26.38,-0.12,2.56,M3
24,00:34:46,33.75,60.00,26.25,-0.12,2.56,M3
25,00:34:48,33.81,60.00,26.19,-0.06,2.59,M3
26,00:34:50,33.88,60.00,26.12,-0.06,2.59,M3
27,00:34:52,34.06,60.00,25.94,-0.19,2.56,M3
28,00:34:54,34.12,60.00,25.88,-0.06,2.60,M3
29,00:34:56,34.25,60.00,25.75,-0.12,2.56,M3
30,00:34:58,34.38,60.00,25.62,-0.12,2.57,M3
31,00:35:00,34.50,60.00,25.50,-0.12,2.57,M3
32,00:35:02,34.62,60.00,25.38,-0.12,2.57,M3
33,00:35:04,34.75,60.00,25.25,-0.12,2.57,M3
34,00:35:06,34.81,60.00,25.19,-0.06,2.61,M3
35,00:35:08,34.94,60.00,25.06,-0.12,2.57,M3
36,00:35:10,35.06,60.00,24.94,-0.12,2.57,M3
37,00:35:12,35.19,60.00,24.81,-0.12,2.58,M3
38,00:35:14,35.31,60.00,24.69,-0.12,2.58,M3
39,00:35:16,35.44,60.00,24.56,-0.12,2.58,M3
40,00:35:18,35.56,60.00,24.44,-0.12,2.58,M3
41,00:35:20,35.69,60.00,24.31,-0.12,2.58,M3
42,00:35:22,35.81,60.00,24.19,-0.12,2.58,M3
43,00:35:24,35.94,60.00,24.06,-0.12,2.58,M3
44,00:35:26,36.06,60.00,23.94,-0.12,2.58,M3
45,00:35:28,36.12,60.00,23.88,-0.06,2.61,M3
46,00:35:30,36.25,60.00,23.75,-0.12,2.59,M3
47,00:35:32,36.38,60.00,23.62,-0.12,2.59,M3
48,00:35:34,36.50,60.00,23.50,-0.12,2.59,M3
49,00:35:36,36.62,60.00,23.38,-0.12,2.59,M3
50,00:35:38,36.75,60.00,23.25,-0.12,2.59,M3
51,00:35:40,36.88,60.00,23.12,-0.12,2.58,M3
52,00:35:42,37.00,60.00,23.00,-0.12,2.58,M3
53,00:35:44,37.12,60.00,22.88,-0.12,2.58,M3
54,00:35:46,37.25,60.00,22.75,-0.12,2.58,M3
55,00:35:48,37.38,60.00,22.62,-0.12,2.58,M3
56,00:35:50,37.50,60.00,22.50,-0.12,2.58,M3
57,00:35:52,37.56,60.00,22.44,-0.06,2.58,M3
58,00:35:54,37.75,60.00,22.25,-0.19,2.56,M3
59,00:35:56,37.88,60.00,22.12,-0.12,2.58,M3
60,00:35:58,38.00,60.00,22.00,-0.12,2.57,M3
61,00:36:00,38.06,60.00,21.94,-0.06,2.56,M3
62,00:36:02,38.19,60.00,21.81,-0.12,2.57,M3
63,00:36:04,38.38,60.00,21.62,-0.19,2.55,M3
64,00:36:07,38.44,60.00,21.56,-0.06,2.55,M3
65,00:36:09,38.62,60.00,21.38,-0.19,2.55,M3
66,00:36:11,38.69,60.00,21.31,-0.06,2.54,M3
67,00:36:13,38.81,60.00,21.19,-0.12,2.56,M3
68,00:36:15,38.94,60.00,21.06,-0.12,2.55,M3
69,00:36:17,39.06,60.00,20.94,-0.12,2.55,M3
70,00:36:19,39.19,60.00,20.81,-0.12,2.55,M3
71,00:36:21,39.31,60.00,20.69,-0.12,2.54,M3
72,00:36:23,39.44,60.00,20.56,-0.12,2.54,M3
73,00:36:25,39.56,60.00,20.44,-0.12,2.54,M3
74,00:36:27,39.69,60.00,20.31,-0.12,2.53,M3
75,00:36:29,39.81,60.00,20.19,-0.12,2.53,M3
76,00:36:31,39.94,60.00,20.06,-0.12,2.52,M3
77,00:36:33,40.06,60.00,19.94,-0.12,2.52,M3
78,00:36:35,40.19,60.00,19.81,-0.12,2.52,M3
79,00:36:37,40.31,60.00,19.69,-0.12,2.51,M3
80,00:36:39,40.38,60.00,19.62,-0.06,2.49,M3
81,00:36:41,40.56,60.00,19.44,-0.19,2.46,M3
82,00:36:43,40.62,60.00,19.38,-0.06,2.48,M3
83,00:36:45,40.75,60.00,19.25,-0.12,2.49,M3
84,00:36:47,40.88,60.00,19.12,-0.12,2.49,M3
85,00:36:49,41.00,60.00,19.00,-0.12,2.48,M3
86,00:36:51,41.12,60.00,18.88,-0.12,2.47,M3
87,00:36:53,41.25,60.00,18.75,-0.12,2.47,M3
88,00:36:55,41.38,60.00,18.62,-0.12,2.46,M3
89,00:36:57,41.50,60.00,18.50,-0.12,2.45,M3
90,00:36:59,41.62,60.00,18.38,-0.12,2.45,M3
91,00:37:01,41.75,60.00,18.25,-0.12,2.44,M3
92,00:37:03,41.88,60.00,18.12,-0.12,2.43,M3
93,00:37:05,42.00,60.00,18.00,-0.12,2.42,M3
94,00:37:07,42.06,60.00,17.94,-0.06,2.43,M3
95,00:37:09,42.19,60.00,17.81,-0.12,2.41,M3
96,00:37:11,42.31,60.00,17.69,-0.12,2.40,M3
97,00:37:13,42.44,60.00,17.56,-0.12,2.39,M3
98,00:37:15,42.56,60.00,17.44,-0.12,2.38,M3
99,00:37:17,42.69,60.00,17.31,-0.12,2.37,M3
100,00:37:19,42.81,60.00,17.19,-0.12,2.36,M3
101,00:37:21,42.94,60.00,17.06,-0.12,2.35,M3
102,00:37:23,43.00,60.00,17.00,-0.06,2.39,M3
103,00:37:25,43.19,60.00,16.81,-0.19,2.26,M3
104,00:37:27,43.31,60.00,16.69,-0.12,2.33,M3
105,00:37:29,43.38,60.00,16.62,-0.06,2.36,M3
106,00:37:31,43.50,60.00,16.50,-0.12,2.31,M3
107,00:37:33,43.62,60.00,16.38,-0.12,2.30,M3
108,00:37:35,43.75,60.00,16.25,-0.12,2.29,M3
109,00:37:37,43.88,60.00,16.12,-0.12,2.28,M3
110,00:37:39,44.00,60.00,16.00,-0.12,2.27,M3
111,00:37:41,44.12,60.00,15.88,-0.12,2.26,M3
112,00:37:43,44.25,60.00,15.75,-0.12,2.25,M2
113,00:37:45,44.38,60.00,15.62,-0.12,2.24,M2
114,00:37:47,44.50,60.00,15.50,-0.12,2.23,M2
115,00:37:49,44.62,60.00,15.38,-0.12,2.22,M2
116,00:37:51,44.75,60.00,15.25,-0.12,2.21,M2
117,00:37:53,44.88,60.00,15.12,-0.12,2.20,M2
118,00:37:55,45.00,60.00,15.00,-0.12,2.19,M2
119,00:37:57,45.06,60.00,14.94,-0.06,2.22,M2
120,00:37:59,45.25,60.00,14.75,-0.19,2.19,M2
121,00:38:01,45.38,60.00,14.62,-0.12,2.16,M2
122,00:38:03,45.44,60.00,14.56,-0.06,2.18,M2
123,00:38:05,45.56,60.00,14.44,-0.12,2.14,M2
124,00:38:07,45.69,60.00,14.31,-0.12,2.13,M2
125,00:38:09,45.81,60.00,14.19,-0.12,2.12,M2
126,00:38:11,45.88,60.00,14.12,-0.06,2.14,M2
127,00:38:13,46.00,60.00,14.00,-0.12,2.11,M2
128,00:38:15,46.12,60.00,13.88,-0.12,2.10,M2
129,00:38:17,46.19,60.00,13.81,-0.06,2.11,M2
130,00:38:19,46.31,60.00,13.69,-0.12,2.08,M2
131,00:38:21,46.44,60.00,13.56,-0.12,2.07,M2
132,00:38:23,46.56,60.00,13.44,-0.12,2.06,M2
133,00:38:25,46.62,60.00,13.38,-0.06,2.07,M2
134,00:38:27,46.75,60.00,13.25,-0.12,2.05,M2
135,00:38:29,46.88,60.00,13.12,-0.12,2.04,M2
136,00:38:31,47.06,60.00,12.94,-0.12,2.02,M2
137,00:38:33,47.19,60.00,12.81,-0.12,2.01,M2
138,00:38:36,47.25,60.00,12.75,-0.06,2.01,M2
139,00:38:38,47.38,60.00,12.62,-0.12,2.00,M2
140,00:38:40,47.44,60.00,12.56,-0.06,1.99,M2
141,00:38:42,47.56,60.00,12.44,-0.12,1.99,M2
142,00:38:44,47.69,60.00,12.31,-0.12,1.98,M2
143,00:38:46,47.75,60.00,12.25,-0.06,1.97,M2
144,00:38:48,47.88,60.00,12.12,-0.12,1.96,M2
145,00:38:50,48.00,60.00,12.00,-0.12,1.95,M2
146,00:38:52,48.06,60.00,11.94,-0.06,1.94,M2
147,00:38:54,48.19,60.00,11.81,-0.12,1.94,M2
148,00:38:56,48.25,60.00,11.75,-0.06,1.93,M2
149,00:38:58,48.38,60.00,11.62,-0.12,1.92,M2
150,00:39:00,48.50,60.00,11.50,-0.12,1.92,M2
151,00:39:02,48.62,60.00,11.38,-0.12,1.91,M2
152,00:39:04,48.69,60.00,11.31,-0.06,1.91,M2
153,00:39:06,48.81,60.00,11.19,-0.12,1.89,M2
154,00:39:08,48.88,60.00,11.12,-0.06,1.90,M2
155,00:39:10,49.00,60.00,11.00,-0.12,1.88,M2
156,00:39:12,49.12,60.00,10.88,-0.12,1.87,M2
157,00:39:14,49.25,60.00,10.75,-0.12,1.87,M2
158,00:39:16,49.31,60.00,10.69,-0.06,1.88,M2
159,00:39:18,49.44,60.00,10.56,-0.12,1.85,M2
160,00:39:20,49.56,60.00,10.44,-0.12,1.85,M2
161,00:39:22,49.62,60.00,10.38,-0.06,1.87,M2
162,00:39:24,49.69,60.00,10.31,-0.06,1.87,M2
163,00:39:26,49.81,60.00,10.19,-0.12,1.83,M2
164,00:39:28,49.88,60.00,10.12,-0.06,1.86,M2
165,00:39:30,50.00,60.00,10.00,-0.12,1.82,M2
166,00:39:32,50.06,60.00,9.94,-0.06,1.86,M2
167,00:39:34,50.19,60.00,9.81,-0.12,1.81,M2
168,00:39:36,50.31,60.00,9.69,-0.12,1.81,M2
169,00:39:38,50.38,60.00,9.62,-0.06,1.85,M2
170,00:39:40,50.50,60.00,9.50,-0.12,1.80,M2
171,00:39:42,50.56,60.00,9.44,-0.06,1.85,M2
172,00:39:44,50.69,60.00,9.31,-0.12,1.79,M2
173,00:39:46,50.81,60.00,9.19,-0.12,1.78,M2
174,00:39:48,50.88,60.00,9.12,-0.06,1.85,M2
175,00:39:50,51.00,60.00,9.00,-0.12,1.78,M2
176,00:39:52,51.06,60.00,8.94,-0.06,1.84,M2
177,00:39:54,51.19,60.00,8.81,-0.12,1.77,M2
178,00:39:56,51.31,60.00,8.69,-0.12,1.76,M2
179,00:39:58,51.38,60.00,8.62,-0.06,1.84,M2
180,00:40:00,51.50,60.00,8.50,-0.12,1.76,M2
181,00:40:02,51.62,60.00,8.38,-0.12,1.75,M2
182,00:40:04,51.69,60.00,8.31,-0.06,1.84,M2
183,00:40:06,51.81,60.00,8.19,-0.12,1.75,M2
184,00:40:08,51.88,60.00,8.12,-0.06,1.83,M2
185,00:40:10,52.00,60.00,8.00,-0.12,1.74,M2
186,00:40:12,52.06,60.00,7.94,-0.06,1.83,M2
187,00:40:14,52.19,60.00,7.81,-0.12,1.73,M2
188,00:40:16,52.31,60.00,7.69,-0.12,1.73,M2
189,00:40:18,52.38,60.00,7.62,-0.06,1.82,M2
190,00:40:20,52.50,60.00,7.50,-0.12,1.73,M2
191,00:40:22,52.62,60.00,7.38,-0.12,1.72,M2
192,00:40:24,52.69,60.00,7.31,-0.06,1.82,M2
193,00:40:26,52.81,60.00,7.19,-0.12,1.72,M2
194,00:40:28,52.88,60.00,7.12,-0.06,1.82,M2
195,00:40:30,53.00,60.00,7.00,-0.12,1.71,M2
196,00:40:32,53.06,60.00,6.94,-0.06,1.81,M2
197,00:40:34,53.19,60.00,6.81,-0.12,1.71,M2
198,00:40:36,53.25,60.00,6.75,-0.06,1.81,M2
199,00:40:38,53.38,60.00,6.62,-0.12,1.71,M2
200,00:40:40,53.44,60.00,6.56,-0.06,1.81,M2
201,00:40:42,53.56,60.00,6.44,-0.12,1.71,M2
202,00:40:44,53.69,60.00,6.31,-0.12,1.71,M2
203,00:40:46,53.81,60.00,6.19,-0.12,1.71,M2
204,00:40:48,53.88,60.00,6.12,-0.06,1.80,M2
205,00:40:50,53.94,60.00,6.06,-0.06,1.80,M2
206,00:40:52,54.06,60.00,5.94,-0.12,1.71,M2
207,00:40:54,54.19,60.00,5.81,-0.12,1.71,M2
208,00:40:57,54.25,60.00,5.75,-0.06,1.80,M2
209,00:40:59,54.38,60.00,5.62,-0.12,1.71,M2
210,00:41:01,54.44,60.00,5.56,-0.06,1.81,M2
211,00:41:03,54.56,60.00,5.44,-0.12,1.72,M2
212,00:41:05,54.69,60.00,5.31,-0.12,1.72,M2
213,00:41:07,54.75,60.00,5.25,-0.06,1.81,M2
214,00:41:09,54.88,60.00,5.12,-0.12,1.73,M2
215,00:41:11,54.94,60.00,5.06,-0.06,1.82,M2
216,00:41:13,55.06,60.00,4.94,-0.12,1.73,M2
217,00:41:15,55.19,60.00,4.81,-0.12,1.74,M2
218,00:41:17,55.25,60.00,4.75,-0.06,1.83,M2
219,00:41:19,55.38,60.00,4.62,-0.12,1.75,M2
220,00:41:21,55.44,60.00,4.56,-0.06,1.84,M2
221,00:41:23,55.56,60.00,4.44,-0.12,1.76,M2
222,00:41:25,55.62,60.00,4.38,-0.06,1.85,M2
223,00:41:27,55.75,60.00,4.25,-0.12,1.77,M2
224,00:41:29,55.81,60.00,4.19,-0.06,1.86,M2
225,00:41:31,55.94,60.00,4.06,-0.12,1.78,M2
226,00:41:33,56.06,60.00,3.94,-0.12,1.79,M2
227,00:41:35,56.12,60.00,3.88,-0.06,1.87,M2
228,00:41:37,56.25,60.00,3.75,-0.12,1.80,M2
229,00:41:39,56.38,60.00,3.62,-0.12,1.80,M2
230,00:41:41,56.44,60.00,3.56,-0.06,1.89,M2
231,00:41:43,56.56,60.00,3.44,-0.12,1.81,M2
232,00:41:45,56.69,60.00,3.31,-0.12,1.81,M2
233,00:41:47,56.75,60.00,3.25,-0.06,1.90,M2
234,00:41:49,56.81,60.00,3.19,-0.06,1.90,M2
235,00:41:51,57.00,60.00,3.00,-0.19,0.41,M1
236,00:41:53,57.06,60.00,2.94,-0.06,1.89,M2
237,00:41:55,57.12,60.00,2.88,-0.06,1.89,M2
238,00:41:57,57.25,60.00,2.75,-0.12,1.80,M2
239,00:41:59,57.31,60.00,2.69,-0.06,1.88,M2
240,00:42:01,57.44,60.00,2.56,-0.12,1.79,M2
241,00:42:03,57.56,60.00,2.44,-0.12,1.77,M2
242,00:42:05,57.62,60.00,2.38,-0.06,1.84,M2
243,00:42:07,57.75,60.00,2.25,-0.12,1.74,M2
244,00:42:09,57.88,60.00,2.12,-0.12,1.72,M2
245,00:42:11,57.94,60.00,2.06,-0.06,1.79,M2
246,00:42:13,58.06,60.00,1.94,-0.12,1.68,M2
247,00:42:15,58.12,60.00,1.88,-0.06,1.74,M2
248,00:42:17,58.25,60.00,1.75,-0.12,1.63,M2
249,00:42:19,58.38,60.00,1.62,-0.12,1.59,M2
250,00:42:21,58.44,60.00,1.56,-0.06,1.65,M2
251,00:42:23,58.56,60.00,1.44,-0.12,1.52,M2
252,00:42:25,58.69,60.00,1.31,-0.12,1.48,M2
253,00:42:27,58.75,60.00,1.25,-0.06,1.54,M2
254,00:42:29,58.81,60.00,1.19,-0.06,1.51,M2
255,00:42:31,58.94,60.00,1.06,-0.12,1.38,M2
256,00:42:33,59.00,60.00,1.00,-0.06,1.44,M2
257,00:42:35,59.12,60.00,0.88,-0.12,1.30,M2
258,00:42:37,59.19,60.00,0.81,-0.06,1.35,M2
259,00:42:39,59.31,60.00,0.69,-0.12,1.21,M1
260,00:42:41,59.38,60.00,0.62,-0.06,1.26,M2
261,00:42:43,59.50,60.00,0.50,-0.12,1.12,M1
262,00:42:45,59.56,60.00,0.44,-0.06,1.17,M1
263,00:42:47,59.69,60.00,0.31,-0.12,1.03,M1
264,00:42:49,59.81,60.00,0.19,-0.12,0.97,M1
265,00:42:51,59.88,60.00,0.12,-0.06,1.01,M1
266,00:42:53,60.00,60.00,0.00,-0.12,0.87,M1
267,00:42:55,60.12,60.00,-0.12,-0.12,0.80,M1
268,00:42:57,60.19,60.00,-0.19,-0.06,0.85,M1
269,00:42:59,60.25,60.00,-0.25,-0.06,0.81,M1
270,00:43:01,60.38,60.00,-0.38,-0.12,0.67,M1
271,00:43:03,60.44,60.00,-0.44,-0.06,0.71,M1
272,00:43:05,60.50,60.00,-0.50,-0.06,0.68,M1
273,00:43:07,60.56,60.00,-0.56,-0.06,0.64,M1
274,00:43:09,60.62,60.00,-0.62,-0.06,0.61,M1
275,00:43:11,60.62,60.00,-0.62,0.00,0.76,M1
276,00:43:13,60.62,60.00,-0.62,0.00,0.76,M1
277,00:43:15,60.69,60.00,-0.69,-0.06,0.57,M1
278,00:43:17,60.69,60.00,-0.69,0.00,0.78,M1
279,00:43:19,60.69,60.00,-0.69,0.00,0.78,M1
280,00:43:21,60.69,60.00,-0.69,0.00,0.78,M1
281,00:43:23,60.69,60.00,-0.69,0.00,0.78,M1
282,00:43:25,60.69,60.00,-0.69,0.00,0.78,M1
283,00:43:28,60.62,60.00,-0.62,0.00,0.76,M1
284,00:43:30,60.69,60.00,-0.69,-0.06,0.57,M1
285,00:43:32,60.62,60.00,-0.62,0.06,1.05,M1
286,00:43:34,60.62,60.00,-0.62,0.00,0.76,M1
287,00:43:36,60.62,60.00,-0.62,0.00,0.76,M1
288,00:43:38,60.62,60.00,-0.62,0.00,0.76,M1
289,00:43:40,60.56,60.00,-0.56,0.06,1.06,M1
290,00:43:42,60.56,60.00,-0.56,0.00,0.75,M1
291,00:43:44,60.62,60.00,-0.62,-0.06,0.61,M1
292,00:43:46,60.62,60.00,-0.62,0.00,0.76,M1
293,00:43:48,60.62,60.00,-0.62,0.00,0.76,M1
294,00:43:50,60.56,60.00,-0.56,0.06,1.06,M1
295,00:43:52,60.56,60.00,-0.56,0.00,0.75,M1
296,00:43:54,60.56,60.00,-0.56,0.00,0.75,M1
297,00:43:56,60.56,60.00,-0.56,0.00,0.75,M1
298,00:43:58,60.56,60.00,-0.56,0.00,0.75,M1
299,00:44:00,60.50,60.00,-0.50,0.06,1.07,M1
300,00:44:02,60.50,60.00,-0.50,0.00,0.76,M1
301,00:44:04,60.50,60.00,-0.50,0.00,0.76,M1
302,00:44:06,60.50,60.00,-0.50,0.00,0.76,M1
303,00:44:08,60.50,60.00,-0.50,0.00,0.76,M1
304,00:44:10,60.50,60.00,-0.50,0.00,0.76,M1
305,00:44:12,60.50,60.00,-0.50,0.00,0.76,M1
306,00:44:14,60.44,60.00,-0.44,0.06,1.09,M1
307,00:44:16,60.44,60.00,-0.44,0.00,0.77,M1
308,00:44:18,60.44,60.00,-0.44,0.00,0.77,M1
309,00:44:20,60.44,60.00,-0.44,0.00,0.77,M1
310,00:44:22,60.44,60.00,-0.44,0.00,0.77,M1
311,00:44:24,60.44,60.00,-0.44,0.00,0.77,M1
312,00:44:26,60.44,60.00,-0.44,0.00,0.77,M1
313,00:44:28,60.44,60.00,-0.44,0.00,0.77,M1
314,00:44:30,60.44,60.00,-0.44,0.00,0.77,M1
315,00:44:32,60.44,60.00,-0.44,0.00,0.77,M1
316,00:44:34,60.38,60.00,-0.38,0.06,1.11,M1
317,00:44:36,60.38,60.00,-0.38,0.00,0.79,M1
318,00:44:38,60.38,60.00,-0.38,0.00,0.79,M1
319,00:44:40,60.38,60.00,-0.38,0.00,0.79,M1
320,00:44:42,60.38,60.00,-0.38,0.00,0.79,M1
321,00:44:44,60.38,60.00,-0.38,0.00,0.79,M1
322,00:44:46,60.38,60.00,-0.38,0.00,0.79,M1
323,00:44:48,60.38,60.00,-0.38,0.00,0.79,M1
324,00:44:50,60.38,60.00,-0.38,0.00,0.79,M1
325,00:44:52,60.31,60.00,-0.31,0.06,1.13,M1
326,00:44:54,60.38,60.00,-0.38,-0.06,0.75,M1
327,00:44:56,60.31,60.00,-0.31,0.06,1.13,M1
328,00:44:58,60.38,60.00,-0.38,-0.06,0.75,M1
329,00:45:00,60.31,60.00,-0.31,0.06,1.13,M1
330,00:45:02,60.31,60.00,-0.31,0.00,0.81,M1
331,00:45:04,60.31,60.00,-0.31,0.00,0.81,M1
332,00:45:06,60.25,60.00,-0.25,0.06,1.16,M1
333,00:45:08,60.25,60.00,-0.25,0.00,0.85,M1
334,00:45:10,60.25,60.00,-0.25,0.00,0.85,M1
335,00:45:12,60.25,60.00,-0.25,0.00,0.85,M1
336,00:45:14,60.25,60.00,-0.25,0.00,0.85,M1
337,00:45:16,60.25,60.00,-0.25,0.00,0.85,M1
338,00:45:18,60.25,60.00,-0.25,0.00,0.85,M1
339,00:45:20,60.25,60.00,-0.25,0.00,0.85,M1
340,00:45:22,60.25,60.00,-0.25,0.00,0.85,M1
341,00:45:24,60.19,60.00,-0.19,0.06,1.19,M1
342,00:45:26,60.19,60.00,-0.19,0.00,0.88,M1
343,00:45:28,60.19,60.00,-0.19,0.00,0.88,M1
344,00:45:30,60.19,60.00,-0.19,0.00,0.88,M1
345,00:45:32,60.19,60.00,-0.19,0.00,0.88,M1
346,00:45:34,60.19,60.00,-0.19,0.00,0.88,M1
347,00:45:36,60.19,60.00,-0.19,0.00,0.88,M1
348,00:45:38,60.19,60.00,-0.19,0.00,0.88,M1
349,00:45:40,60.12,60.00,-0.12,0.06,1.22,M1
350,00:45:42,60.12,60.00,-0.12,0.00,0.93,M1
351,00:45:44,60.12,60.00,-0.12,0.00,0.93,M1
352,00:45:46,60.12,60.00,-0.12,0.00,0.93,M1
353,00:45:48,60.12,60.00,-0.12,0.00,0.93,M1
354,00:45:50,60.12,60.00,-0.12,0.00,0.93,M1
355,00:45:52,60.06,60.00,-0.06,0.06,1.26,M2
356,00:45:54,60.12,60.00,-0.12,-0.06,0.88,M1
357,00:45:56,60.06,60.00,-0.06,0.06,1.26,M2
358,00:45:59,60.06,60.00,-0.06,0.00,0.98,M1
359,00:46:01,60.12,60.00,-0.12,-0.06,0.88,M1
360,00:46:03,60.06,60.00,-0.06,0.06,1.26,M2
361,00:46:05,60.06,60.00,-0.06,0.00,0.98,M1
362,00:46:07,60.06,60.00,-0.06,0.00,0.98,M1
363,00:46:09,60.12,60.00,-0.12,-0.06,0.88,M1
364,00:46:11,60.06,60.00,-0.06,0.06,1.26,M2
365,00:46:13,60.06,60.00,-0.06,0.00,0.98,M1
366,00:46:15,60.06,60.00,-0.06,0.00,0.98,M1
367,00:46:17,60.06,60.00,-0.06,0.00,0.98,M1
368,00:46:19,60.06,60.00,-0.06,0.00,0.98,M1
369,00:46:21,60.06,60.00,-0.06,0.00,0.98,M1
370,00:46:23,60.06,60.00,-0.06,0.00,0.98,M1
371,00:46:25,60.06,60.00,-0.06,0.00,0.98,M1
372,00:46:27,60.06,60.00,-0.06,0.00,0.98,M1
373,00:46:29,60.06,60.00,-0.06,0.00,0.98,M1
374,00:46:31,60.06,60.00,-0.06,0.00,0.98,M1
375,00:46:33,60.06,60.00,-0.06,0.00,0.98,M1
376,00:46:35,60.06,60.00,-0.06,0.00,0.98,M1
377,00:46:37,60.06,60.00,-0.06,0.00,0.98,M1
378,00:46:39,60.06,60.00,-0.06,0.00,0.98,M1
379,00:46:41,60.06,60.00,-0.06,0.00,0.98,M1
380,00:46:43,60.06,60.00,-0.06,0.00,0.98,M1
381,00:46:45,60.06,60.00,-0.06,0.00,0.98,M1
382,00:46:47,60.12,60.00,-0.12,-0.06,0.88,M1
383,00:46:49,60.06,60.00,-0.06,0.06,1.26,M2
384,00:46:51,60.12,60.00,-0.12,-0.06,0.88,M1
385,00:46:53,60.06,60.00,-0.06,0.06,1.26,M2
386,00:46:55,60.06,60.00,-0.06,0.00,0.98,M1
387,00:46:57,60.12,60.00,-0.12,-0.06,0.88,M1
388,00:46:59,60.06,60.00,-0.06,0.06,1.26,M2
389,00:47:01,60.06,60.00,-0.06,0.00,0.98,M1
390,00:47:03,60.06,60.00,-0.06,0.00,0.98,M1
391,00:47:05,60.06,60.00,-0.06,0.00,0.98,M1
392,00:47:07,60.06,60.00,-0.06,0.00,0.98,M1
393,00:47:09,60.06,60.00,-0.06,0.00,0.98,M1
394,00:47:11,60.06,60.00,-0.06,0.00,0.98,M1
395,00:47:13,60.12,60.00,-0.12,-0.06,0.88,M1
396,00:47:15,60.06,60.00,-0.06,0.06,1.26,M2
397,00:47:17,60.12,60.00,-0.12,-0.06,0.88,M1
398,00:47:19,60.12,60.00,-0.12,0.00,0.93,M1
399,00:47:21,60.12,60.00,-0.12,0.00,0.93,M1
400,00:47:23,60.12,60.00,-0.12,0.00,0.93,M1
401,00:47:25,60.12,60.00,-0.12,0.00,0.93,M1
402,00:47:27,60.12,60.00,-0.12,0.00,0.93,M1
403,00:47:29,60.12,60.00,-0.12,0.00,0.93,M1
404,00:47:31,60.12,60.00,-0.12,0.00,0.93,M1
405,00:47:33,60.12,60.00,-0.12,0.00,0.93,M1
406,00:47:35,60.12,60.00,-0.12,0.00,0.93,M1
407,00:47:37,60.12,60.00,-0.12,0.00,0.93,M1
408,00:47:39,60.12,60.00,-0.12,0.00,0.93,M1
409,00:47:41,60.12,60.00,-0.12,0.00,0.93,M1
410,00:47:43,60.19,60.00,-0.19,-0.06,0.85,M1
411,00:47:45,60.19,60.00,-0.19,0.00,0.88,M1
412,00:47:47,60.12,60.00,-0.12,0.06,1.22,M1
413,00:47:49,60.12,60.00,-0.12,0.00,0.93,M1
414,00:47:51,60.12,60.00,-0.12,0.00,0.93,M1
415,00:47:53,60.19,60.00,-0.19,-0.06,0.85,M1
416,00:47:55,60.12,60.00,-0.12,0.06,1.22,M1
417,00:47:57,60.12,60.00,-0.12,0.00,0.93,M1
418,00:47:59,60.12,60.00,-0.12,0.00,0.93,M1
419,00:48:01,60.12,60.00,-0.12,0.00,0.93,M1
420,00:48:03,60.12,60.00,-0.12,0.00,0.93,M1
421,00:48:05,60.12,60.00,-0.12,0.00,0.93,M1
422,00:48:07,60.12,60.00,-0.12,0.00,0.93,M1
423,00:48:09,60.12,60.00,-0.12,0.00,0.93,M1
424,00:48:11,60.06,60.00,-0.06,0.06,1.26,M2
425,00:48:13,60.06,60.00,-0.06,0.00,0.98,M1
426,00:48:15,60.06,60.00,-0.06,0.00,0.98,M1
427,00:48:17,60.06,60.00,-0.06,0.00,0.98,M1
428,00:48:19,60.06,60.00,-0.06,0.00,0.98,M1
429,00:48:21,60.06,60.00,-0.06,0.00,0.98,M1
430,00:48:23,60.06,60.00,-0.06,0.00,0.98,M1
431,00:48:25,60.06,60.00,-0.06,0.00,0.98,M1
432,00:48:27,60.06,60.00,-0.06,0.00,0.98,M1
433,00:48:29,60.06,60.00,-0.06,0.00,0.98,M1
434,00:48:32,60.06,60.00,-0.06,0.00,0.98,M1
435,00:48:34,60.12,60.00,-0.12,-0.06,0.88,M1
436,00:48:36,60.12,60.00,-0.12,0.00,0.93,M1
437,00:48:38,60.06,60.00,-0.06,0.06,1.26,M2
438,00:48:40,60.06,60.00,-0.06,0.00,0.98,M1
439,00:48:42,60.06,60.00,-0.06,0.00,0.98,M1
440,00:48:44,60.06,60.00,-0.06,0.00,0.98,M1
441,00:48:46,60.06,60.00,-0.06,0.00,0.98,M1
442,00:48:48,60.06,60.00,-0.06,0.00,0.98,M1
443,00:48:50,60.06,60.00,-0.06,0.00,0.98,M1
444,00:48:52,60.06,60.00,-0.06,0.00,0.98,M1
445,00:48:54,60.06,60.00,-0.06,0.00,0.98,M1
446,00:48:56,60.06,60.00,-0.06,0.00,0.98,M1
447,00:48:58,60.06,60.00,-0.06,0.00,0.98,M1
448,00:49:00,60.06,60.00,-0.06,0.00,0.98,M1
449,00:49:02,60.06,60.00,-0.06,0.00,0.98,M1
450,00:49:04,60.12,60.00,-0.12,-0.06,0.88,M1
451,00:49:06,60.06,60.00,-0.06,0.06,1.26,M2
452,00:49:08,60.12,60.00,-0.12,-0.06,0.88,M1
453,00:49:10,60.06,60.00,-0.06,0.06,1.26,M2
454,00:49:12,60.06,60.00,-0.06,0.00,0.98,M1
455,00:49:14,60.06,60.00,-0.06,0.00,0.98,M1
456,00:49:16,60.06,60.00,-0.06,0.00,0.98,M1
457,00:49:18,60.06,60.00,-0.06,0.00,0.98,M1
458,00:49:20,60.06,60.00,-0.06,0.00,0.98,M1
459,00:49:22,60.06,60.00,-0.06,0.00,0.98,M1
460,00:49:24,60.06,60.00,-0.06,0.00,0.98,M1
461,00:49:26,60.00,60.00,0.00,0.06,1.29,M2
462,00:49:28,60.06,60.00,-0.06,-0.06,0.91,M1
463,00:49:30,60.06,60.00,-0.06,0.00,0.98,M1
464,00:49:32,60.06,60.00,-0.06,0.00,0.98,M1
465,00:49:34,60.06,60.00,-0.06,0.00,0.98,M1
466,00:49:36,60.06,60.00,-0.06,0.00,0.98,M1
467,00:49:38,60.12,60.00,-0.12,-0.06,0.88,M1
468,00:49:40,60.12,60.00,-0.12,0.00,0.93,M1
469,00:49:42,60.12,60.00,-0.12,0.00,0.93,M1
470,00:49:44,60.12,60.00,-0.12,0.00,0.93,M1
471,00:49:46,60.12,60.00,-0.12,0.00,0.93,M1
472,00:49:48,60.12,60.00,-0.12,0.00,0.93,M1
473,00:49:50,60.12,60.00,-0.12,0.00,0.93,M1
474,00:49:52,60.12,60.00,-0.12,0.00,0.93,M1
475,00:49:54,60.12,60.00,-0.12,0.00,0.93,M1
476,00:49:56,60.12,60.00,-0.12,0.00,0.93,M1
477,00:49:58,60.12,60.00,-0.12,0.00,0.93,M1
478,00:50:00,60.12,60.00,-0.12,0.00,0.93,M1
479,00:50:02,60.12,60.00,-0.12,0.00,0.93,M1
480,00:50:04,60.06,60.00,-0.06,0.06,1.26,M2
481,00:50:06,60.06,60.00,-0.06,0.00,0.98,M1
482,00:50:08,60.06,60.00,-0.06,0.00,0.98,M1
483,00:50:10,60.06,60.00,-0.06,0.00,0.98,M1
484,00:50:12,60.06,60.00,-0.06,0.00,0.98,M1
485,00:50:14,60.06,60.00,-0.06,0.00,0.98,M1
486,00:50:16,60.06,60.00,-0.06,0.00,0.98,M1
487,00:50:18,60.06,60.00,-0.06,0.00,0.98,M1
488,00:50:20,60.06,60.00,-0.06,0.00,0.98,M1
489,00:50:22,60.06,60.00,-0.06,0.00,0.98,M1
490,00:50:24,60.06,60.00,-0.06,0.00,0.98,M1
491,00:50:26,60.06,60.00,-0.06,0.00,0.98,M1
492,00:50:28,60.06,60.00,-0.06,0.00,0.98,M1
493,00:50:30,60.06,60.00,-0.06,0.00,0.98,M1
494,00:50:32,60.06,60.00,-0.06,0.00,0.98,M1
495,00:50:34,60.06,60.00,-0.06,0.00,0.98,M1
496,00:50:36,60.06,60.00,-0.06,0.00,0.98,M1
497,00:50:38,60.06,60.00,-0.06,0.00,0.98,M1
498,00:50:40,60.00,60.00,0.00,0.06,1.29,M2
499,00:50:42,60.00,60.00,0.00,0.00,1.04,M1
500,00:50:44,60.00,60.00,0.00,0.00,1.04,M1
501,00:50:46,60.00,60.00,0.00,0.00,1.04,M1
502,00:50:48,60.00,60.00,0.00,0.00,1.04,M1
503,00:50:50,60.00,60.00,0.00,0.00,1.04,M1
504,00:50:53,60.00,60.00,0.00,0.00,1.04,M1
505,00:50:55,60.00,60.00,0.00,0.00,1.04,M1
506,00:50:57,60.00,60.00,0.00,0.00,1.04,M1
507,00:50:59,60.00,60.00,0.00,0.00,1.04,M1
508,00:51:01,59.94,60.00,0.06,0.06,1.33,M2
509,00:51:03,60.00,60.00,0.00,-0.06,0.95,M1
510,00:51:05,59.94,60.00,0.06,0.06,1.33,M2
511,00:51:07,60.00,60.00,0.00,-0.06,0.95,M1
512,00:51:09,60.00,60.00,0.00,0.00,1.04,M1
513,00:51:11,60.00,60.00,0.00,0.00,1.04,M1
514,00:51:13,59.94,60.00,0.06,0.06,1.33,M2
515,00:51:15,59.94,60.00,0.06,0.00,1.10,M1
516,00:51:17,60.00,60.00,0.00,-0.06,0.95,M1
517,00:51:19,59.94,60.00,0.06,0.06,1.33,M2
518,00:51:21,60.00,60.00,0.00,-0.06,0.95,M1
519,00:51:23,60.00,60.00,0.00,0.00,1.04,M1
520,00:51:25,60.00,60.00,0.00,0.00,1.04,M1
521,00:51:27,60.00,60.00,0.00,0.00,1.04,M1
522,00:51:29,60.00,60.00,0.00,0.00,1.04,M1
523,00:51:31,60.06,60.00,-0.06,-0.06,0.91,M1
524,00:51:33,60.06,60.00,-0.06,0.00,0.98,M1
525,00:51:35,60.00,60.00,0.00,0.06,1.29,M2
526,00:51:37,60.06,60.00,-0.06,-0.06,0.91,M1
527,00:51:39,60.06,60.00,-0.06,0.00,0.98,M1
528,00:51:41,60.06,60.00,-0.06,0.00,0.98,M1
529,00:51:43,60.06,60.00,-0.06,0.00,0.98,M1
530,00:51:45,60.00,60.00,0.00,0.06,1.29,M2
531,00:51:47,60.06,60.00,-0.06,-0.06,0.91,M1
532,00:51:49,60.06,60.00,-0.06,0.00,0.98,M1
533,00:51:51,60.06,60.00,-0.06,0.00,0.98,M1
534,00:51:53,60.12,60.00,-0.12,-0.06,0.88,M1
535,00:51:55,60.12,60.00,-0.12,0.00,0.93,M1
536,00:51:57,60.12,60.00,-0.12,0.00,0.93,M1
537,00:51:59,60.12,60.00,-0.12,0.00,0.93,M1
538,00:52:01,60.12,60.00,-0.12,0.00,0.93,M1
539,00:52:03,60.12,60.00,-0.12,0.00,0.93,M1
540,00:52:05,60.12,60.00,-0.12,0.00,0.93,M1
541,00:52:07,60.12,60.00,-0.12,0.00,0.93,M1
542,00:52:09,60.12,60.00,-0.12,0.00,0.93,M1
543,00:52:11,60.12,60.00,-0.12,0.00,0.93,M1
544,00:52:13,60.12,60.00,-0.12,0.00,0.93,M1
545,00:52:15,60.12,60.00,-0.12,0.00,0.93,M1
546,00:52:17,60.12,60.00,-0.12,0.00,0.93,M1
547,00:52:19,60.12,60.00,-0.12,0.00,0.93,M1
548,00:52:21,60.12,60.00,-0.12,0.00,0.93,M1
549,00:52:23,60.12,60.00,-0.12,0.00,0.93,M1
550,00:52:25,60.12,60.00,-0.12,0.00,0.93,M1
551,00:52:27,60.12,60.00,-0.12,0.00,0.93,M1
552,00:52:29,60.12,60.00,-0.12,0.00,0.93,M1
553,00:52:31,60.12,60.00,-0.12,0.00,0.93,M1
554,00:52:33,60.12,60.00,-0.12,0.00,0.93,M1
555,00:52:35,60.12,60.00,-0.12,0.00,0.93,M1
556,00:52:37,60.12,60.00,-0.12,0.00,0.93,M1
557,00:52:39,60.12,60.00,-0.12,0.00,0.93,M1
558,00:52:41,60.12,60.00,-0.12,0.00,0.93,M1
559,00:52:43,60.12,60.00,-0.12,0.00,0.93,M1
560,00:52:45,60.12,60.00,-0.12,0.00,0.93,M1
561,00:52:47,60.12,60.00,-0.12,0.00,0.93,M1
562,00:52:49,60.12,60.00,-0.12,0.00,0.93,M1
563,00:52:51,60.12,60.00,-0.12,0.00,0.93,M1
564,00:52:53,60.06,60.00,-0.06,0.06,1.26,M2
565,00:52:55,60.12,60.00,-0.12,-0.06,0.88,M1
566,00:52:57,60.12,60.00,-0.12,0.00,0.93,M1
567,00:52:59,60.12,60.00,-0.12,0.00,0.93,M1
568,00:53:01,60.12,60.00,-0.12,0.00,0.93,M1
569,00:53:03,60.06,60.00,-0.06,0.06,1.26,M2
570,00:53:05,60.06,60.00,-0.06,0.00,0.98,M1
571,00:53:07,60.06,60.00,-0.06,0.00,0.98,M1
572,00:53:09,60.06,60.00,-0.06,0.00,0.98,M1
573,00:53:11,60.06,60.00,-0.06,0.00,0.98,M1
574,00:53:13,60.00,60.00,0.00,0.06,1.29,M2
575,00:53:15,60.00,60.00,0.00,0.00,1.04,M1
576,00:53:17,60.06,60.00,-0.06,-0.06,0.91,M1
577,00:53:19,60.06,60.00,-0.06,0.00,0.98,M1
578,00:53:21,60.00,60.00,0.00,0.06,1.29,M2
579,00:53:24,60.06,60.00,-0.06,-0.06,0.91,M1
580,00:53:26,60.06,60.00,-0.06,0.00,0.98,M1
581,00:53:28,60.06,60.00,-0.06,0.00,0.98,M1
582,00:53:30,60.06,60.00,-0.06,0.00,0.98,M1
583,00:53:32,60.06,60.00,-0.06,0.00,0.98,M1
584,00:53:34,60.06,60.00,-0.06,0.00,0.98,M1
585,00:53:36,60.12,60.00,-0.12,-0.06,0.88,M1
586,00:53:38,60.06,60.00,-0.06,0.06,1.26,M2
587,00:53:40,60.06,60.00,-0.06,0.00,0.98,M1
588,00:53:42,60.06,60.00,-0.06,0.00,0.98,M1
589,00:53:44,60.06,60.00,-0.06,0.00,0.98,M1
590,00:53:46,60.06,60.00,-0.06,0.00,0.98,M1
591,00:53:48,60.06,60.00,-0.06,0.00,0.98,M1
592,00:53:50,60.06,60.00,-0.06,0.00,0.98,M1
593,00:53:52,60.06,60.00,-0.06,0.00,0.98,M1
594,00:53:54,60.06,60.00,-0.06,0.00,0.98,M1
595,00:53:56,60.12,60.00,-0.12,-0.06,0.88,M1
596,00:53:58,60.12,60.00,-0.12,-0.06,0.88,M1
597,00:54:00,60.06,60.00,-0.06,0.06,1.26,M2
598,00:54:02,60.12,60.00,-0.12,0.00,0.93,M1
599,00:54:04,60.12,60.00,-0.12,0.00,0.93,M1
600,00:54:06,60.12,60.00,-0.12,0.00,0.93,M1
601,00:54:08,60.12,60.00,-0.12,0.00,0.93,M1
602,00:54:10,60.12,60.00,-0.12,0.00,0.93,M1
603,00:54:12,60.12,60.00,-0.12,0.00,0.93,M1
604,00:54:14,60.12,60.00,-0.12,0.00,0.93,M1
605,00:54:16,60.12,60.00,-0.12,0.00,0.93,M1
606,00:54:18,60.12,60.00,-0.12,0.00,0.93,M1
607,00:54:20,60.12,60.00,-0.12,0.00,0.93,M1
608,00:54:22,60.12,60.00,-0.12,0.00,0.93,M1
609,00:54:24,60.12,60.00,-0.12,0.00,0.93,M1
610,00:54:26,60.12,60.00,-0.12,0.00,0.93,M1
611,00:54:28,60.12,60.00,-0.12,0.00,0.93,M1
612,00:54:30,60.12,60.00,-0.12,0.00,0.93,M1
613,00:54:32,60.12,60.00,-0.12,0.00,0.93,M1
614,00:54:34,60.12,60.00,-0.12,0.00,0.93,M1
615,00:54:36,60.12,60.00,-0.12,0.00,0.93,M1
616,00:54:38,60.12,60.00,-0.12,0.00,0.93,M1
617,00:54:40,60.12,60.00,-0.12,0.00,0.93,M1
618,00:54:42,60.12,60.00,-0.12,0.00,0.93,M1
619,00:54:44,60.19,60.00,-0.19,-0.06,0.85,M1
620,00:54:46,60.12,60.00,-0.12,0.06,1.22,M1
621,00:54:48,60.12,60.00,-0.12,0.00,0.93,M1
622,00:54:50,60.12,60.00,-0.12,0.00,0.93,M1
623,00:54:52,60.12,60.00,-0.12,0.00,0.93,M1
624,00:54:54,60.12,60.00,-0.12,0.00,0.93,M1
625,00:54:56,60.12,60.00,-0.12,0.00,0.93,M1
626,00:54:58,60.12,60.00,-0.12,0.00,0.93,M1
627,00:55:00,60.12,60.00,-0.12,0.00,0.93,M1
628,00:55:02,60.06,60.00,-0.06,0.06,1.26,M2
629,00:55:04,60.06,60.00,-0.06,0.00,0.98,M1
630,00:55:06,60.06,60.00,-0.06,0.00,0.98,M1
631,00:55:08,60.06,60.00,-0.06,0.00,0.98,M1
632,00:55:10,60.06,60.00,-0.06,0.00,0.98,M1
633,00:55:12,60.06,60.00,-0.06,0.00,0.98,M1
634,00:55:14,60.00,60.00,0.00,0.06,1.29,M2
635,00:55:16,60.06,60.00,-0.06,-0.06,0.91,M1
636,00:55:18,60.06,60.00,-0.06,0.00,0.98,M1
637,00:55:20,60.06,60.00,-0.06,0.00,0.98,M1
638,00:55:22,60.06,60.00,-0.06,0.00,0.98,M1
639,00:55:24,60.06,60.00,-0.06,0.00,0.98,M1
640,00:55:26,60.06,60.00,-0.06,0.00,0.98,M1
641,00:55:28,60.06,60.00,-0.06,0.00,0.98,M1
642,00:55:30,60.06,60.00,-0.06,0.00,0.98,M1
643,00:55:32,60.06,60.00,-0.06,0.00,0.98,M1
644,00:55:34,60.06,60.00,-0.06,0.00,0.98,M1
645,00:55:36,60.06,60.00,-0.06,0.00,0.98,M1
646,00:55:38,60.06,60.00,-0.06,0.00,0.98,M1
647,00:55:40,60.06,60.00,-0.06,0.00,0.98,M1
648,00:55:42,60.06,60.00,-0.06,0.00,0.98,M1
649,00:55:44,60.06,60.00,-0.06,0.00,0.98,M1
650,00:55:46,60.12,60.00,-0.12,-0.06,0.88,M1
651,00:55:48,60.06,60.00,-0.06,0.06,1.26,M2
652,00:55:50,60.06,60.00,-0.06,0.00,0.98,M1
653,00:55:52,60.06,60.00,-0.06,0.00,0.98,M1
654,00:55:54,60.06,60.00,-0.06,0.00,0.98,M1
655,00:55:57,60.06,60.00,-0.06,0.00,0.98,M1
656,00:55:59,60.06,60.00,-0.06,0.00,0.98,M1
657,00:56:01,60.06,60.00,-0.06,0.00,0.98,M1
658,00:56:03,60.12,60.00,-0.12,-0.06,0.88,M1
659,00:56:05,60.06,60.00,-0.06,0.06,1.26,M2
660,00:56:07,60.06,60.00,-0.06,0.00,0.98,M1
661,00:56:09,60.06,60.00,-0.06,0.00,0.98,M1
662,00:56:11,60.06,60.00,-0.06,0.00,0.98,M1
663,00:56:13,60.06,60.00,-0.06,0.00,0.98,M1
664,00:56:15,60.06,60.00,-0.06,0.00,0.98,M1
665,00:56:17,60.06,60.00,-0.06,0.00,0.98,M1
666,00:56:19,60.06,60.00,-0.06,0.00,0.98,M1
667,00:56:21,60.12,60.00,-0.12,-0.06,0.88,M1
668,00:56:23,60.06,60.00,-0.06,0.06,1.26,M2
669,00:56:25,60.12,60.00,-0.12,-0.06,0.88,M1
670,00:56:27,60.12,60.00,-0.12,0.00,0.93,M1
671,00:56:29,60.12,60.00,-0.12,0.00,0.93,M1
672,00:56:31,60.12,60.00,-0.12,0.00,0.93,M1
673,00:56:33,60.12,60.00,-0.12,0.00,0.93,M1
674,00:56:35,60.12,60.00,-0.12,0.00,0.93,M1
675,00:56:37,60.12,60.00,-0.12,0.00,0.93,M1
676,00:56:39,60.12,60.00,-0.12,0.00,0.93,M1
677,00:56:41,60.12,60.00,-0.12,0.00,0.93,M1
678,00:56:43,60.12,60.00,-0.12,0.00,0.93,M1
679,00:56:45,60.12,60.00,-0.12,0.00,0.93,M1
680,00:56:47,60.06,60.00,-0.06,0.06,1.26,M2
681,00:56:49,60.12,60.00,-0.12,-0.06,0.88,M1
682,00:56:51,60.12,60.00,-0.12,0.00,0.93,M1
683,00:56:53,60.12,60.00,-0.12,0.00,0.93,M1
684,00:56:55,60.12,60.00,-0.12,0.00,0.93,M1
685,00:56:57,60.12,60.00,-0.12,0.00,0.93,M1
686,00:56:59,60.12,60.00,-0.12,0.00,0.93,M1
687,00:57:01,60.12,60.00,-0.12,0.00,0.93,M1
688,00:57:03,60.12,60.00,-0.12,0.00,0.93,M1
689,00:57:05,60.12,60.00,-0.12,0.00,0.93,M1
690,00:57:07,60.12,60.00,-0.12,0.00,0.93,M1
691,00:57:09,60.12,60.00,-0.12,0.00,0.93,M1
692,00:57:11,60.12,60.00,-0.12,0.00,0.93,M1
693,00:57:13,60.12,60.00,-0.12,0.00,0.93,M1
694,00:57:15,60.12,60.00,-0.12,0.00,0.93,M1
695,00:57:17,60.12,60.00,-0.12,0.00,0.93,M1
696,00:57:19,60.12,60.00,-0.12,0.00,0.93,M1
697,00:57:21,60.12,60.00,-0.12,0.00,0.93,M1
698,00:57:23,60.12,60.00,-0.12,0.00,0.93,M1
699,00:57:25,60.12,60.00,-0.12,0.00,0.93,M1
700,00:57:27,60.12,60.00,-0.12,0.00,0.93,M1
701,00:57:29,60.12,60.00,-0.12,0.00,0.93,M1
702,00:57:31,60.12,60.00,-0.12,0.00,0.93,M1
703,00:57:33,60.12,60.00,-0.12,0.00,0.93,M1
704,00:57:35,60.12,60.00,-0.12,0.00,0.93,M1
705,00:57:37,60.06,60.00,-0.06,0.06,1.26,M2
706,00:57:39,60.06,60.00,-0.06,0.00,0.98,M1
707,00:57:41,60.06,60.00,-0.06,0.00,0.98,M1
708,00:57:43,60.06,60.00,-0.06,0.00,0.98,M1
709,00:57:45,60.06,60.00,-0.06,0.00,0.98,M1
710,00:57:47,60.06,60.00,-0.06,0.00,0.98,M1
711,00:57:49,60.06,60.00,-0.06,0.00,0.98,M1
712,00:57:51,60.06,60.00,-0.06,0.00,0.98,M1
713,00:57:53,60.06,60.00,-0.06,0.00,0.98,M1
714,00:57:55,60.06,60.00,-0.06,0.00,0.98,M1
715,00:57:57,60.06,60.00,-0.06,0.00,0.98,M1
716,00:57:59,60.06,60.00,-0.06,0.00,0.98,M1
717,00:58:01,60.06,60.00,-0.06,0.00,0.98,M1
718,00:58:03,60.06,60.00,-0.06,0.00,0.98,M1
719,00:58:05,60.06,60.00,-0.06,0.00,0.98,M1
720,00:58:07,60.06,60.00,-0.06,0.00,0.98,M1
721,00:58:09,60.12,60.00,-0.12,-0.06,0.88,M1
722,00:58:11,60.06,60.00,-0.06,0.06,1.26,M2
723,00:58:13,60.06,60.00,-0.06,0.00,0.98,M1
724,00:58:15,60.06,60.00,-0.06,0.00,0.98,M1
725,00:58:17,60.12,60.00,-0.12,-0.06,0.88,M1
726,00:58:19,60.06,60.00,-0.06,0.06,1.26,M2
727,00:58:21,60.06,60.00,-0.06,0.00,0.98,M1
728,00:58:24,60.06,60.00,-0.06,0.00,0.98,M1
729,00:58:26,60.06,60.00,-0.06,0.00,0.98,M1
730,00:58:28,60.12,60.00,-0.12,-0.06,0.88,M1
731,00:58:30,60.06,60.00,-0.06,0.06,1.26,M2
732,00:58:32,60.06,60.00,-0.06,0.00,0.98,M1
733,00:58:34,60.06,60.00,-0.06,0.00,0.98,M1
734,00:58:36,60.06,60.00,-0.06,0.00,0.98,M1
735,00:58:38,60.06,60.00,-0.06,0.00,0.98,M1
736,00:58:40,60.06,60.00,-0.06,0.00,0.98,M1
737,00:58:42,60.06,60.00,-0.06,0.00,0.98,M1
738,00:58:44,60.12,60.00,-0.12,-0.06,0.88,M1
739,00:58:46,60.06,60.00,-0.06,0.06,1.26,M2
740,00:58:48,60.12,60.00,-0.12,-0.06,0.88,M1
741,00:58:50,60.12,60.00,-0.12,0.00,0.93,M1
742,00:58:52,60.12,60.00,-0.12,0.00,0.93,M1
743,00:58:54,60.12,60.00,-0.12,0.00,0.93,M1
744,00:58:56,60.12,60.00,-0.12,0.00,0.93,M1
745,00:58:58,60.12,60.00,-0.12,0.00,0.93,M1
746,00:59:00,60.12,60.00,-0.12,0.00,0.93,M1
747,00:59:02,60.12,60.00,-0.12,0.00,0.93,M1
748,00:59:04,60.19,60.00,-0.19,-0.06,0.85,M1
749,00:59:06,60.12,60.00,-0.12,0.06,1.22,M1
750,00:59:08,60.19,60.00,-0.19,-0.06,0.85,M1
751,00:59:10,60.12,60.00,-0.12,0.06,1.22,M1
752,00:59:12,60.19,60.00,-0.19,-0.06,0.85,M1
753,00:59:14,60.19,60.00,-0.19,0.00,0.88,M1
754,00:59:16,60.19,60.00,-0.19,0.00,0.88,M1
755,00:59:18,60.19,60.00,-0.19,0.00,0.88,M1
756,00:59:20,60.19,60.00,-0.19,0.00,0.88,M1
757,00:59:22,60.19,60.00,-0.19,0.00,0.88,M1
758,00:59:24,60.19,60.00,-0.19,0.00,0.88,M1
759,00:59:26,60.19,60.00,-0.19,0.00,0.88,M1
760,00:59:28,60.19,60.00,-0.19,0.00,0.88,M1
761,00:59:30,60.19,60.00,-0.19,0.00,0.88,M1
762,00:59:32,60.19,60.00,-0.19,0.00,0.88,M1
763,00:59:34,60.19,60.00,-0.19,0.00,0.88,M1
764,00:59:36,60.19,60.00,-0.19,0.00,0.88,M1
765,00:59:38,60.19,60.00,-0.19,0.00,0.88,M1
766,00:59:40,60.19,60.00,-0.19,0.00,0.88,M1
767,00:59:42,60.19,60.00,-0.19,0.00,0.88,M1
768,00:59:44,60.12,60.00,-0.12,0.06,1.22,M1
769,00:59:46,60.19,60.00,-0.19,-0.06,0.85,M1
770,00:59:48,60.19,60.00,-0.19,0.00,0.88,M1
771,00:59:50,60.19,60.00,-0.19,0.00,0.88,M1
772,00:59:52,60.19,60.00,-0.19,0.00,0.88,M1
773,00:59:54,60.19,60.00,-0.19,0.00,0.88,M1
774,00:59:56,60.19,60.00,-0.19,0.00,0.88,M1
775,00:59:58,60.12,60.00,-0.12,0.06,1.22,M1
776,01:00:00,60.12,60.00,-0.12,0.00,0.93,M1
777,01:00:02,60.12,60.00,-0.12,0.00,0.93,M1
778,01:00:04,60.12,60.00,-0.12,0.00,0.93,M1
779,01:00:06,60.19,60.00,-0.19,-0.06,0.85,M1
780,01:00:08,60.12,60.00,-0.12,0.06,1.22,M1
781,01:00:10,60.19,60.00,-0.19,-0.06,0.85,M1
782,01:00:12,60.19,60.00,-0.19,0.00,0.88,M1
783,01:00:14,60.12,60.00,-0.12,0.06,1.22,M1
784,01:00:16,60.12,60.00,-0.12,0.00,0.93,M1
785,01:00:18,60.12,60.00,-0.12,0.00,0.93,M1
786,01:00:20,60.12,60.00,-0.12,0.00,0.93,M1
787,01:00:22,60.12,60.00,-0.12,0.00,0.93,M1
788,01:00:24,60.12,60.00,-0.12,0.00,0.93,M1
789,01:00:26,60.12,60.00,-0.12,0.00,0.93,M1
790,01:00:29,60.06,60.00,-0.06,0.06,1.26,M2
791,01:00:31,60.06,60.00,-0.06,0.00,0.98,M1
792,01:00:33,60.12,60.00,-0.12,-0.06,0.88,M1
793,01:00:35,60.12,60.00,-0.12,0.00,0.93,M1
794,01:00:37,60.12,60.00,-0.12,0.00,0.93,M1
795,01:00:39,60.12,60.00,-0.12,0.00,0.93,M1
796,01:00:41,60.12,60.00,-0.12,0.00,0.93,M1
797,01:00:43,60.06,60.00,-0.06,0.06,1.26,M2
798,01:00:45,60.12,60.00,-0.12,-0.06,0.88,M1
799,01:00:47,60.12,60.00,-0.12,0.00,0.93,M1
800,01:00:49,60.06,60.00,-0.06,0.06,1.26,M2
801,01:00:51,60.06,60.00,-0.06,0.00,0.98,M1
802,01:00:53,60.06,60.00,-0.06,0.00,0.98,M1
803,01:00:55,60.06,60.00,-0.06,0.00,0.98,M1
804,01:00:57,60.06,60.00,-0.06,0.00,0.98,M1
805,01:00:59,60.06,60.00,-0.06,0.00,0.98,M1
806,01:01:01,60.06,60.00,-0.06,0.00,0.98,M1
807,01:01:03,60.06,60.00,-0.06,0.00,0.98,M1
808,01:01:05,60.06,60.00,-0.06,0.00,0.98,M1
809,01:01:07,60.06,60.00,-0.06,0.00,0.98,M1
810,01:01:09,60.06,60.00,-0.06,0.00,0.98,M1
811,01:01:11,60.12,60.00,-0.12,-0.06,0.88,M1
812,01:01:13,60.06,60.00,-0.06,0.06,1.26,M2
813,01:01:15,60.12,60.00,-0.12,-0.06,0.88,M1
814,01:01:17,60.12,60.00,-0.12,0.00,0.93,M1
815,01:01:19,60.12,60.00,-0.12,0.00,0.93,M1
816,01:01:21,60.12,60.00,-0.12,0.00,0.93,M1
817,01:01:23,60.12,60.00,-0.12,0.00,0.93,M1
818,01:01:25,60.12,60.00,-0.12,0.00,0.93,M1
819,01:01:27,60.12,60.00,-0.12,0.00,0.93,M1
820,01:01:29,60.12,60.00,-0.12,0.00,0.93,M1
821,01:01:31,60.12,60.00,-0.12,0.00,0.93,M1
822,01:01:33,60.12,60.00,-0.12,0.00,0.93,M1
823,01:01:35,60.12,60.00,-0.12,0.00,0.93,M1
824,01:01:37,60.12,60.00,-0.12,0.00,0.93,M1
825,01:01:39,60.12,60.00,-0.12,0.00,0.93,M1
826,01:01:41,60.12,60.00,-0.12,0.00,0.93,M1
827,01:01:43,60.12,60.00,-0.12,0.00,0.93,M1
828,01:01:45,60.12,60.00,-0.12,0.00,0.93,M1
829,01:01:47,60.12,60.00,-0.12,0.00,0.93,M1
830,01:01:49,60.19,60.00,-0.19,-0.06,0.85,M1
831,01:01:51,60.12,60.00,-0.12,0.06,1.22,M1
832,01:01:53,60.12,60.00,-0.12,0.00,0.93,M1
833,01:01:55,60.12,60.00,-0.12,0.00,0.93,M1
834,01:01:57,60.12,60.00,-0.12,0.00,0.93,M1
835,01:01:59,60.12,60.00,-0.12,0.00,0.93,M1
836,01:02:01,60.12,60.00,-0.12,0.00,0.93,M1
837,01:02:03,60.12,60.00,-0.12,0.00,0.93,M1
838,01:02:05,60.12,60.00,-0.12,0.00,0.93,M1
839,01:02:07,60.12,60.00,-0.12,0.00,0.93,M1
840,01:02:09,60.12,60.00,-0.12,0.00,0.93,M1
841,01:02:11,60.12,60.00,-0.12,0.00,0.93,M1
842,01:02:13,60.12,60.00,-0.12,0.00,0.93,M1
843,01:02:15,60.12,60.00,-0.12,0.00,0.93,M1
844,01:02:17,60.12,60.00,-0.12,0.00,0.93,M1
845,01:02:19,60.12,60.00,-0.12,0.00,0.93,M1
846,01:02:21,60.12,60.00,-0.12,0.00,0.93,M1
847,01:02:23,60.06,60.00,-0.06,0.06,1.26,M2
848,01:02:25,60.06,60.00,-0.06,0.00,0.98,M1
849,01:02:27,60.12,60.00,-0.12,-0.06,0.88,M1
850,01:02:29,60.06,60.00,-0.06,0.06,1.26,M2
851,01:02:32,60.06,60.00,-0.06,0.00,0.98,M1
852,01:02:34,60.06,60.00,-0.06,0.00,0.98,M1
853,01:02:36,60.06,60.00,-0.06,0.00,0.98,M1
854,01:02:38,60.06,60.00,-0.06,0.00,0.98,M1
855,01:02:40,60.06,60.00,-0.06,0.00,0.98,M1
856,01:02:42,60.12,60.00,-0.12,-0.06,0.88,M1
857,01:02:44,60.12,60.00,-0.12,0.00,0.93,M1
858,01:02:46,60.12,60.00,-0.12,0.00,0.93,M1
859,01:02:48,60.12,60.00,-0.12,0.00,0.93,M1
860,01:02:50,60.06,60.00,-0.06,0.06,1.26,M2
861,01:02:52,60.12,60.00,-0.12,-0.06,0.88,M1
862,01:02:54,60.12,60.00,-0.12,0.00,0.93,M1
863,01:02:56,60.12,60.00,-0.12,0.00,0.93,M1
864,01:02:58,60.12,60.00,-0.12,0.00,0.93,M1
865,01:03:00,60.12,60.00,-0.12,0.00,0.93,M1
866,01:03:02,60.19,60.00,-0.19,-0.06,0.85,M1
867,01:03:04,60.12,60.00,-0.12,0.06,1.22,M1
868,01:03:06,60.12,60.00,-0.12,0.00,0.93,M1
869,01:03:08,60.12,60.00,-0.12,0.00,0.93,M1
870,01:03:10,60.12,60.00,-0.12,0.00,0.93,M1
871,01:03:12,60.12,60.00,-0.12,0.00,0.93,M1
872,01:03:14,60.12,60.00,-0.12,0.00,0.93,M1
873,01:03:16,60.12,60.00,-0.12,0.00,0.93,M1
874,01:03:18,60.12,60.00,-0.12,0.00,0.93,M1
875,01:03:20,60.12,60.00,-0.12,0.00,0.93,M1
876,01:03:22,60.12,60.00,-0.12,0.00,0.93,M1
877,01:03:24,60.12,60.00,-0.12,0.00,0.93,M1
878,01:03:26,60.12,60.00,-0.12,0.00,0.93,M1
879,01:03:28,60.12,60.00,-0.12,0.00,0.93,M1
880,01:03:30,60.12,60.00,-0.12,0.00,0.93,M1
881,01:03:32,60.12,60.00,-0.12,0.00,0.93,M1
882,01:03:34,60.12,60.00,-0.12,-0.06,0.88,M1
883,01:03:36,60.12,60.00,-0.12,0.00,0.93,M1
884,01:03:38,60.12,60.00,-0.12,0.00,0.93,M1
885,01:03:40,60.12,60.00,-0.12,0.00,0.93,M1
886,01:03:42,60.12,60.00,-0.12,0.00,0.93,M1
887,01:03:44,60.12,60.00,-0.12,0.00,0.93,M1
888,01:03:46,60.12,60.00,-0.12,0.00,0.93,M1
889,01:03:48,60.12,60.00,-0.12,0.00,0.93,M1
890,01:03:50,60.12,60.00,-0.12,0.00,0.93,M1
891,01:03:52,60.12,60.00,-0.12,0.00,0.93,M1
892,01:03:54,60.12,60.00,-0.12,0.00,0.93,M1
893,01:03:56,60.19,60.00,-0.19,-0.06,0.85,M1
894,01:03:58,60.19,60.00,-0.19,0.00,0.88,M1
895,01:04:00,60.19,60.00,-0.19,0.00,0.88,M1
896,01:04:02,60.19,60.00,-0.19,0.00,0.88,M1
897,01:04:04,60.12,60.00,-0.12,0.06,1.22,M1
898,01:04:06,60.12,60.00,-0.12,0.00,0.93,M1
899,01:04:08,60.12,60.00,-0.12,0.00,0.93,M1
900,01:04:10,60.12,60.00,-0.12,0.00,0.93,M1
901,01:04:12,60.12,60.00,-0.12,0.00,0.93,M1
902,01:04:14,60.12,60.00,-0.12,0.00,0.93,M1
903,01:04:16,60.06,60.00,-0.06,0.06,1.26,M2
904,01:04:18,60.12,60.00,-0.12,-0.06,0.88,M1
905,01:04:20,60.12,60.00,-0.12,0.00,0.93,M1
906,01:04:22,60.12,60.00,-0.12,0.00,0.93,M1
907,01:04:24,60.06,60.00,-0.06,0.06,1.26,M2
908,01:04:26,60.12,60.00,-0.12,-0.06,0.88,M1
909,01:04:28,60.12,60.00,-0.12,0.00,0.93,M1
910,01:04:30,60.12,60.00,-0.12,0.00,0.93,M1
911,01:04:32,60.12,60.00,-0.12,0.00,0.93,M1
912,01:04:35,60.12,60.00,-0.12,0.00,0.93,M1
913,01:04:37,60.12,60.00,-0.12,0.00,0.93,M1
914,01:04:39,60.12,60.00,-0.12,0.00,0.93,M1
915,01:04:41,60.12,60.00,-0.12,0.00,0.93,M1
916,01:04:43,60.12,60.00,-0.12,0.00,0.93,M1
917,01:04:45,60.12,60.00,-0.12,0.00,0.93,M1
918,01:04:47,60.12,60.00,-0.12,0.00,0.93,M1
919,01:04:49,60.12,60.00,-0.12,0.00,0.93,M1
920,01:04:51,60.12,60.00,-0.12,0.00,0.93,M1
921,01:04:53,60.12,60.00,-0.12,0.00,0.93,M1
922,01:04:55,60.12,60.00,-0.12,0.00,0.93,M1
923,01:04:57,60.12,60.00,-0.12,0.00,0.93,M1
924,01:04:59,60.12,60.00,-0.12,0.00,0.93,M1
925,01:05:01,60.12,60.00,-0.12,0.00,0.93,M1
926,01:05:03,60.06,60.00,-0.06,0.06,1.26,M2
927,01:05:05,60.12,60.00,-0.12,-0.06,0.88,M1
928,01:05:07,60.12,60.00,-0.12,0.00,0.93,M1
929,01:05:09,60.12,60.00,-0.12,0.00,0.93,M1
930,01:05:11,60.12,60.00,-0.12,0.00,0.93,M1
931,01:05:13,60.12,60.00,-0.12,0.00,0.93,M1
932,01:05:15,60.12,60.00,-0.12,0.00,0.93,M1
933,01:05:17,60.12,60.00,-0.12,0.00,0.93,M1
934,01:05:19,60.12,60.00,-0.12,0.00,0.93,M1
935,01:05:21,60.12,60.00,-0.12,0.00,0.93,M1
936,01:05:23,60.12,60.00,-0.12,0.00,0.93,M1
937,01:05:25,60.12,60.00,-0.12,0.00,0.93,M1
938,01:05:27,60.12,60.00,-0.12,0.00,0.93,M1
939,01:05:29,60.12,60.00,-0.12,0.00,0.93,M1
940,01:05:31,60.12,60.00,-0.12,0.00,0.93,M1
941,01:05:33,60.12,60.00,-0.12,0.00,0.93,M1
942,01:05:35,60.12,60.00,-0.12,0.00,0.93,M1
943,01:05:37,60.12,60.00,-0.12,0.00,0.93,M1
944,01:05:39,60.19,60.00,-0.19,-0.06,0.85,M1
945,01:05:41,60.12,60.00,-0.12,0.06,1.22,M1
946,01:05:43,60.19,60.00,-0.19,-0.06,0.85,M1
947,01:05:45,60.12,60.00,-0.12,0.06,1.22,M1
948,01:05:47,60.12,60.00,-0.12,0.00,0.93,M1
949,01:05:49,60.19,60.00,-0.19,-0.06,0.85,M1
950,01:05:51,60.12,60.00,-0.12,0.06,1.22,M1
951,01:05:53,60.12,60.00,-0.12,0.00,0.93,M1
952,01:05:55,60.12,60.00,-0.12,0.00,0.93,M1
953,01:05:57,60.12,60.00,-0.12,0.00,0.93,M1
954,01:05:59,60.06,60.00,-0.06,0.06,1.26,M2
955,01:06:01,60.12,60.00,-0.12,-0.06,0.88,M1
956,01:06:03,60.06,60.00,-0.06,0.06,1.26,M2
957,01:06:05,60.06,60.00,-0.06,0.00,0.98,M1
958,01:06:07,60.06,60.00,-0.06,0.00,0.98,M1
959,01:06:09,60.06,60.00,-0.06,0.00,0.98,M1
960,01:06:11,60.06,60.00,-0.06,0.00,0.98,M1
961,01:06:13,60.12,60.00,-0.12,-0.06,0.88,M1
962,01:06:15,60.06,60.00,-0.06,0.06,1.26,M2
963,01:06:17,60.06,60.00,-0.06,0.00,0.98,M1
964,01:06:19,60.06,60.00,-0.06,0.00,0.98,M1
965,01:06:21,60.06,60.00,-0.06,0.00,0.98,M1
966,01:06:23,60.12,60.00,-0.12,-0.06,0.88,M1
967,01:06:25,60.12,60.00,-0.12,0.00,0.93,M1
968,01:06:28,60.12,60.00,-0.12,0.00,0.93,M1
969,01:06:30,60.06,60.00,-0.06,0.06,1.26,M2
970,01:06:32,60.12,60.00,-0.12,-0.06,0.88,M1
971,01:06:34,60.06,60.00,-0.06,0.06,1.26,M2
972,01:06:36,60.12,60.00,-0.12,-0.06,0.88,M1
973,01:06:38,60.12,60.00,-0.12,0.00,0.93,M1
974,01:06:40,60.12,60.00,-0.12,0.00,0.93,M1
975,01:06:42,60.12,60.00,-0.12,0.00,0.93,M1
976,01:06:44,60.12,60.00,-0.12,0.00,0.93,M1
977,01:06:46,60.12,60.00,-0.12,0.00,0.93,M1
978,01:06:48,60.12,60.00,-0.12,0.00,0.93,M1
979,01:06:50,60.12,60.00,-0.12,0.00,0.93,M1
980,01:06:52,60.12,60.00,-0.12,0.00,0.93,M1
981,01:06:54,60.19,60.00,-0.19,-0.06,0.85,M1
982,01:06:56,60.19,60.00,-0.19,0.00,0.88,M1
983,01:06:58,60.19,60.00,-0.19,0.00,0.88,M1
984,01:07:00,60.19,60.00,-0.19,0.00,0.88,M1
985,01:07:02,60.19,60.00,-0.19,0.00,0.88,M1
986,01:07:04,60.19,60.00,-0.19,0.00,0.88,M1
987,01:07:06,60.19,60.00,-0.19,0.00,0.88,M1
988,01:07:08,60.19,60.00,-0.19,0.00,0.88,M1
989,01:07:10,60.19,60.00,-0.19,0.00,0.88,M1
990,01:07:12,60.25,60.00,-0.25,-0.06,0.81,M1
991,01:07:14,60.25,60.00,-0.25,0.00,0.85,M1
992,01:07:16,60.25,60.00,-0.25,0.00,0.85,M1
993,01:07:18,60.25,60.00,-0.25,0.00,0.85,M1
994,01:07:20,60.25,60.00,-0.25,0.00,0.85,M1
995,01:07:22,60.25,60.00,-0.25,0.00,0.85,M1
996,01:07:24,60.19,60.00,-0.19,0.06,1.19,M1
997,01:07:26,60.19,60.00,-0.19,0.00,0.88,M1
998,01:07:28,60.19,60.00,-0.19,0.00,0.88,M1
999,01:07:30,60.19,60.00,-0.19,0.00,0.88,M1
1000,01:07:32,60.19,60.00,-0.19,0.00,0.88,M1
1001,01:07:34,60.19,60.00,-0.19,0.00,0.88,M1
1002,01:07:36,60.19,60.00,-0.19,0.00,0.88,M1
1003,01:07:38,60.19,60.00,-0.19,0.00,0.88,M1
1004,01:07:40,60.19,60.00,-0.19,0.00,0.88,M1
1005,01:07:42,60.25,60.00,-0.25,-0.06,0.81,M1
1006,01:07:44,60.25,60.00,-0.25,0.00,0.85,M1
1007,01:07:46,60.19,60.00,-0.19,0.06,1.19,M1
1008,01:07:48,60.25,60.00,-0.25,-0.06,0.81,M1
1009,01:07:50,60.19,60.00,-0.19,0.06,1.19,M1
1010,01:07:52,60.19,60.00,-0.19,0.00,0.88,M1
1011,01:07:54,60.19,60.00,-0.19,0.00,0.88,M1
1012,01:07:56,60.19,60.00,-0.19,0.00,0.88,M1
1013,01:07:58,60.19,60.00,-0.19,0.00,0.88,M1
1014,01:08:00,60.12,60.00,-0.12,0.06,1.22,M1
1015,01:08:02,60.12,60.00,-0.12,0.00,0.93,M1
1016,01:08:04,60.19,60.00,-0.19,-0.06,0.85,M1
1017,01:08:06,60.19,60.00,-0.19,0.00,0.88,M1
1018,01:08:08,60.19,60.00,-0.19,0.00,0.88,M1
1019,01:08:10,60.12,60.00,-0.12,0.06,1.22,M1
1020,01:08:12,60.12,60.00,-0.12,0.00,0.93,M1
1021,01:08:14,60.12,60.00,-0.12,0.00,0.93,M1
1022,01:08:16,60.12,60.00,-0.12,0.00,0.93,M1
1023,01:08:18,60.19,60.00,-0.19,-0.06,0.85,M1
1024,01:08:20,60.12,60.00,-0.12,0.06,1.22,M1
1025,01:08:22,60.12,60.00,-0.12,0.00,0.93,M1
1026,01:08:24,60.12,60.00,-0.12,0.00,0.93,M1
1027,01:08:26,60.19,60.00,-0.19,-0.06,0.85,M1
1028,01:08:28,60.12,60.00,-0.12,0.06,1.22,M1
1029,01:08:30,60.12,60.00,-0.12,0.00,0.93,M1
1030,01:08:33,60.12,60.00,-0.12,0.00,0.93,M1
1031,01:08:35,60.12,60.00,-0.12,0.00,0.93,M1
1032,01:08:37,60.12,60.00,-0.12,0.00,0.93,M1
1033,01:08:39,60.06,60.00,-0.06,0.06,1.26,M2
1034,01:08:41,60.12,60.00,-0.12,-0.06,0.88,M1
1035,01:08:43,60.06,60.00,-0.06,0.06,1.26,M2
1036,01:08:45,60.06,60.00,-0.06,0.00,0.98,M1
1037,01:08:47,60.06,60.00,-0.06,0.00,0.98,M1
1038,01:08:49,60.06,60.00,-0.06,0.00,0.98,M1
1039,01:08:51,60.06,60.00,-0.06,0.00,0.98,M1
1040,01:08:53,60.06,60.00,-0.06,0.00,0.98,M1
1041,01:08:55,60.06,60.00,-0.06,0.00,0.98,M1
1042,01:08:57,60.06,60.00,-0.06,0.00,0.98,M1
1043,01:08:59,60.12,60.00,-0.12,-0.06,0.88,M1
1044,01:09:01,60.12,60.00,-0.12,0.00,0.93,M1
1045,01:09:03,60.12,60.00,-0.12,0.00,0.93,M1
1046,01:09:05,60.12,60.00,-0.12,0.00,0.93,M1
1047,01:09:07,60.12,60.00,-0.12,0.00,0.93,M1
1048,01:09:09,60.12,60.00,-0.12,0.00,0.93,M1
1049,01:09:11,60.19,60.00,-0.19,-0.06,0.85,M1
1050,01:09:13,60.12,60.00,-0.12,0.06,1.22,M1
1051,01:09:15,60.12,60.00,-0.12,0.00,0.93,M1
1052,01:09:17,60.12,60.00,-0.12,0.00,0.93,M1
1053,01:09:19,60.12,60.00,-0.12,0.00,0.93,M1
1054,01:09:21,60.12,60.00,-0.12,0.00,0.93,M1
1055,01:09:23,60.12,60.00,-0.12,0.00,0.93,M1
1056,01:09:25,60.12,60.00,-0.12,0.00,0.93,M1
1057,01:09:27,60.12,60.00,-0.12,0.00,0.93,M1
1058,01:09:29,60.12,60.00,-0.12,0.00,0.93,M1
1059,01:09:31,60.12,60.00,-0.12,0.00,0.93,M1
1060,01:09:33,60.12,60.00,-0.12,0.00,0.93,M1
1061,01:09:35,60.12,60.00,-0.12,0.00,0.93,M1
1062,01:09:37,60.12,60.00,-0.12,0.00,0.93,M1
1063,01:09:39,60.12,60.00,-0.12,0.00,0.93,M1
1064,01:09:41,60.12,60.00,-0.12,0.00,0.93,M1
1065,01:09:43,60.12,60.00,-0.12,0.00,0.93,M1
1066,01:09:45,60.12,60.00,-0.12,0.00,0.93,M1
1067,01:09:47,60.12,60.00,-0.12,0.00,0.93,M1
1068,01:09:49,60.12,60.00,-0.12,0.00,0.93,M1
1069,01:09:51,60.06,60.00,-0.06,0.06,1.26,M2
1070,01:09:53,60.06,60.00,-0.06,0.00,0.98,M1
1071,01:09:55,60.06,60.00,-0.06,0.00,0.98,M1
1072,01:09:57,60.06,60.00,-0.06,0.00,0.98,M1
1073,01:09:59,60.06,60.00,-0.06,0.00,0.98,M1
1074,01:10:01,60.06,60.00,-0.06,0.00,0.98,M1
1075,01:10:03,60.06,60.00,-0.06,0.00,0.98,M1
1076,01:10:05,60.06,60.00,-0.06,0.00,0.98,M1
1077,01:10:07,60.06,60.00,-0.06,0.00,0.98,M1
1078,01:10:09,60.06,60.00,-0.06,0.00,0.98,M1
1079,01:10:11,60.12,60.00,-0.12,-0.06,0.88,M1
1080,01:10:13,60.12,60.00,-0.12,0.00,0.93,M1
1081,01:10:15,60.06,60.00,-0.06,0.06,1.26,M2
1082,01:10:17,60.12,60.00,-0.12,-0.06,0.88,M1
1083,01:10:19,60.12,60.00,-0.12,0.00,0.93,M1
1084,01:10:21,60.12,60.00,-0.12,0.00,0.93,M1
1085,01:10:23,60.12,60.00,-0.12,0.00,0.93,M1
1086,01:10:25,60.06,60.00,-0.06,0.06,1.26,M2
1087,01:10:27,60.06,60.00,-0.06,0.00,0.98,M1
1088,01:10:29,60.06,60.00,-0.06,0.00,0.98,M1
1089,01:10:31,60.06,60.00,-0.06,0.00,0.98,M1
1090,01:10:34,60.06,60.00,-0.06,0.00,0.98,M1
1091,01:10:36,60.06,60.00,-0.06,0.00,0.98,M1
1092,01:10:38,60.06,60.00,-0.06,0.00,0.98,M1
1093,01:10:40,60.12,60.00,-0.12,-0.06,0.88,M1
1094,01:10:42,60.06,60.00,-0.06,0.06,1.26,M2
1095,01:10:44,60.06,60.00,-0.06,0.00,0.98,M1
1096,01:10:46,60.06,60.00,-0.06,0.00,0.98,M1
1097,01:10:48,60.12,60.00,-0.12,-0.06,0.88,M1
1098,01:10:50,60.12,60.00,-0.12,0.00,0.93,M1
1099,01:10:52,60.12,60.00,-0.12,0.00,0.93,M1
1100,01:10:54,60.12,60.00,-0.12,0.00,0.93,M1
1101,01:10:56,60.12,60.00,-0.12,0.00,0.93,M1
1102,01:10:58,60.12,60.00,-0.12,0.00,0.93,M1
1103,01:11:00,60.19,60.00,-0.19,-0.06,0.85,M1
1104,01:11:02,60.12,60.00,-0.12,0.06,1.22,M1
1105,01:11:04,60.12,60.00,-0.12,0.00,0.93,M1
1106,01:11:06,60.12,60.00,-0.12,0.00,0.93,M1
1107,01:11:08,60.12,60.00,-0.12,0.00,0.93,M1
1108,01:11:10,60.12,60.00,-0.12,0.00,0.93,M1
1109,01:11:12,60.12,60.00,-0.12,0.00,0.93,M1
1110,01:11:14,60.12,60.00,-0.12,0.00,0.93,M1
1111,01:11:16,60.12,60.00,-0.12,0.00,0.93,M1
1112,01:11:18,60.12,60.00,-0.12,0.00,0.93,M1
1113,01:11:20,60.19,60.00,-0.19,-0.06,0.85,M1
1114,01:11:22,60.19,60.00,-0.19,0.00,0.88,M1
1115,01:11:24,60.19,60.00,-0.19,0.00,0.88,M1
1116,01:11:26,60.19,60.00,-0.19,0.00,0.88,M1
1117,01:11:28,60.19,60.00,-0.19,0.00,0.88,M1
1118,01:11:30,60.19,60.00,-0.19,0.00,0.88,M1
1119,01:11:32,60.25,60.00,-0.25,-0.06,0.81,M1
1120,01:11:34,60.25,60.00,-0.25,0.00,0.85,M1
1121,01:11:36,60.19,60.00,-0.19,0.06,1.19,M1
1122,01:11:38,60.19,60.00,-0.19,0.00,0.88,M1
1123,01:11:40,60.19,60.00,-0.19,0.00,0.88,M1
1124,01:11:42,60.19,60.00,-0.19,0.00,0.88,M1
1125,01:11:44,60.19,60.00,-0.19,0.00,0.88,M1
1126,01:11:46,60.19,60.00,-0.19,0.00,0.88,M1
1127,01:11:48,60.12,60.00,-0.12,0.06,1.22,M1
1128,01:11:50,60.12,60.00,-0.12,0.00,0.93,M1
1129,01:11:52,60.12,60.00,-0.12,0.00,0.93,M1
1130,01:11:54,60.12,60.00,-0.12,0.00,0.93,M1
1131,01:11:56,60.12,60.00,-0.12,0.00,0.93,M1
1132,01:11:58,60.12,60.00,-0.12,0.00,0.93,M1
1133,01:12:00,60.12,60.00,-0.12,0.00,0.93,M1
1134,01:12:02,60.12,60.00,-0.12,0.00,0.93,M1
1135,01:12:04,60.06,60.00,-0.06,0.06,1.26,M2
1136,01:12:06,60.06,60.00,-0.06,0.00,0.98,M1
1137,01:12:08,60.06,60.00,-0.06,0.00,0.98,M1
1138,01:12:10,60.06,60.00,-0.06,0.00,0.98,M1
1139,01:12:12,60.06,60.00,-0.06,0.00,0.98,M1
1140,01:12:14,60.06,60.00,-0.06,0.00,0.98,M1
1141,01:12:16,60.06,60.00,-0.06,0.00,0.98,M1
1142,01:12:18,60.06,60.00,-0.06,0.00,0.98,M1
1143,01:12:20,60.06,60.00,-0.06,0.00,0.98,M1
1144,01:12:22,60.06,60.00,-0.06,0.00,0.98,M1
1145,01:12:24,60.06,60.00,-0.06,0.00,0.98,M1
1146,01:12:26,60.06,60.00,-0.06,0.00,0.98,M1
1147,01:12:28,60.06,60.00,-0.06,0.00,0.98,M1
1148,01:12:30,60.12,60.00,-0.12,-0.06,0.88,M1
1149,01:12:32,60.12,60.00,-0.12,0.00,0.93,M1
1150,01:12:34,60.12,60.00,-0.12,0.00,0.93,M1
1151,01:12:36,60.12,60.00,-0.12,0.00,0.93,M1
1152,01:12:39,60.06,60.00,-0.06,0.06,1.26,M2
1153,01:12:41,60.06,60.00,-0.06,0.00,0.98,M1
1154,01:12:43,60.06,60.00,-0.06,0.00,0.98,M1
1155,01:12:45,60.06,60.00,-0.06,0.00,0.98,M1
1156,01:12:47,60.06,60.00,-0.06,0.00,0.98,M1
1157,01:12:49,60.06,60.00,-0.06,0.00,0.98,M1
1158,01:12:51,60.06,60.00,-0.06,0.00,0.98,M1
1159,01:12:53,60.00,60.00,0.00,0.06,1.29,M2
1160,01:12:55,60.06,60.00,-0.06,-0.06,0.91,M1
1161,01:12:57,60.00,60.00,0.00,0.06,1.29,M2
1162,01:12:59,60.00,60.00,0.00,0.00,1.04,M1
1163,01:13:01,60.06,60.00,-0.06,-0.06,0.91,M1
1164,01:13:03,60.00,60.00,0.00,0.06,1.29,M2
1165,01:13:05,60.00,60.00,0.00,0.00,1.04,M1
1166,01:13:07,60.00,60.00,0.00,0.00,1.04,M1
1167,01:13:09,60.06,60.00,-0.06,-0.06,0.91,M1
1168,01:13:11,60.00,60.00,0.00,0.06,1.29,M2
1169,01:13:13,60.00,60.00,0.00,0.00,1.04,M1
1170,01:13:15,60.06,60.00,-0.06,-0.06,0.91,M1
1171,01:13:17,60.06,60.00,-0.06,0.00,0.98,M1
1172,01:13:19,60.06,60.00,-0.06,0.00,0.98,M1
1173,01:13:21,60.06,60.00,-0.06,0.00,0.98,M1
1174,01:13:23,60.12,60.00,-0.12,-0.06,0.88,M1
1175,01:13:25,60.12,60.00,-0.12,0.00,0.93,M1
1176,01:13:27,60.12,60.00,-0.12,0.00,0.93,M1
1177,01:13:29,60.12,60.00,-0.12,0.00,0.93,M1
1178,01:13:31,60.19,60.00,-0.19,-0.06,0.85,M1
1179,01:13:33,60.19,60.00,-0.19,0.00,0.88,M1
1180,01:13:35,60.19,60.00,-0.19,0.00,0.88,M1
1181,01:13:37,60.19,60.00,-0.19,0.00,0.88,M1
1182,01:13:39,60.19,60.00,-0.19,0.00,0.88,M1
1183,01:13:41,60.25,60.00,-0.25,-0.06,0.81,M1
1184,01:13:43,60.25,60.00,-0.25,0.00,0.85,M1
1185,01:13:45,60.25,60.00,-0.25,0.00,0.85,M1
1186,01:13:47,60.25,60.00,-0.25,0.00,0.85,M1
1187,01:13:49,60.25,60.00,-0.25,0.00,0.85,M1
1188,01:13:51,60.25,60.00,-0.25,0.00,0.85,M1
1189,01:13:53,60.25,60.00,-0.25,0.00,0.85,M1
1190,01:13:55,60.25,60.00,-0.25,0.00,0.85,M1
1191,01:13:57,60.25,60.00,-0.25,0.00,0.85,M1
1192,01:13:59,60.19,60.00,-0.19,0.06,1.19,M1
1193,01:14:01,60.25,60.00,-0.25,-0.06,0.81,M1
1194,01:14:03,60.19,60.00,-0.19,0.06,1.19,M1
1195,01:14:05,60.19,60.00,-0.19,0.00,0.88,M1
1196,01:14:07,60.19,60.00,-0.19,0.00,0.88,M1
1197,01:14:09,60.19,60.00,-0.19,0.00,0.88,M1
1198,01:14:11,60.19,60.00,-0.19,0.00,0.88,M1
1199,01:14:13,60.19,60.00,-0.19,0.00,0.88,M1
1200,01:14:15,60.19,60.00,-0.19,0.00,0.88,M1
1201,01:14:17,60.19,60.00,-0.19,0.00,0.88,M1
1202,01:14:19,60.19,60.00,-0.19,0.00,0.88,M1
1203,01:14:21,60.19,60.00,-0.19,0.00,0.88,M1
1204,01:14:23,60.19,60.00,-0.19,0.00,0.88,M1
1205,01:14:25,60.19,60.00,-0.19,0.00,0.88,M1
1206,01:14:27,60.19,60.00,-0.19,0.00,0.88,M1
1207,01:14:29,60.19,60.00,-0.19,0.00,0.88,M1
1208,01:14:32,60.19,60.00,-0.19,0.00,0.88,M1
1209,01:14:34,60.19,60.00,-0.19,0.00,0.88,M1
1210,01:14:36,60.19,60.00,-0.19,0.00,0.88,M1
1211,01:14:38,60.12,60.00,-0.12,0.06,1.22,M1
1212,01:14:40,60.19,60.00,-0.19,-0.06,0.85,M1
1213,01:14:42,60.12,60.00,-0.12,0.06,1.22,M1
1214,01:14:44,60.12,60.00,-0.12,0.00,0.93,M1
1215,01:14:46,60.12,60.00,-0.12,0.00,0.93,M1
1216,01:14:48,60.12,60.00,-0.12,0.00,0.93,M1
1217,01:14:50,60.12,60.00,-0.12,0.00,0.93,M1
1218,01:14:52,60.12,60.00,-0.12,0.00,0.93,M1
1219,01:14:54,60.12,60.00,-0.12,0.00,0.93,M1
1220,01:14:56,60.12,60.00,-0.12,0.00,0.93,M1
1221,01:14:58,60.12,60.00,-0.12,0.00,0.93,M1
