NO,TIME,SUHU,SET POINT,EROR,DELTA EROR,OUTPUT FUZZY,OUTPUT M
1,01:51:37,33.06,90.00,56.94,0.06,3.00,M3
2,01:51:39,33.06,90.00,56.94,0.00,3.00,M3
3,01:51:41,33.06,90.00,56.94,0.00,3.00,M3
4,01:51:43,33.06,90.00,56.94,0.00,3.00,M3
5,01:51:45,33.00,90.00,57.00,0.06,3.00,M3
6,01:51:47,33.00,90.00,57.00,0.00,2.61,M3
7,01:51:49,33.00,90.00,57.00,0.00,2.61,M3
8,01:51:51,33.00,90.00,57.00,0.00,2.61,M3
9,01:51:53,33.00,90.00,57.00,0.00,2.61,M3
10,01:51:55,33.00,90.00,57.00,0.00,2.61,M3
11,01:51:57,33.00,90.00,57.00,0.00,2.61,M3
12,01:51:59,33.00,90.00,57.00,0.00,2.61,M3
13,01:52:01,33.00,90.00,57.00,0.00,2.61,M3
14,01:52:03,33.06,90.00,56.94,-0.06,2.59,M3
15,01:52:05,33.12,90.00,56.88,-0.06,2.59,M3
16,01:52:07,33.12,90.00,56.88,0.00,2.61,M3
17,01:52:09,33.25,90.00,56.75,-0.12,2.57,M3
18,01:52:11,33.25,90.00,56.75,0.00,2.61,M3
19,01:52:13,33.31,90.00,56.69,-0.06,2.59,M3
20,01:52:15,33.38,90.00,56.62,-0.06,2.59,M3
21,01:52:17,33.44,90.00,56.56,-0.06,2.59,M3
22,01:52:19,33.50,90.00,56.50,-0.06,2.59,M3
23,01:52:21,33.62,90.00,56.38,-0.12,2.57,M3
24,01:52:23,33.69,90.00,56.31,-0.06,2.59,M3
25,01:52:26,33.75,90.00,56.25,-0.06,2.59,M3
26,01:52:28,33.88,90.00,56.12,-0.12,2.57,M3
27,01:52:30,34.00,90.00,56.00,-0.12,2.57,M3
28,01:52:32,34.06,90.00,55.94,-0.06,2.59,M3
29,01:52:34,34.19,90.00,55.81,-0.12,2.57,M3
30,01:52:36,34.31,90.00,55.69,-0.12,2.57,M3
31,01:52:38,34.44,90.00,55.56,-0.12,2.57,M3
32,01:52:40,34.50,90.00,55.50,-0.06,2.59,M3
33,01:52:42,34.62,90.00,55.38,-0.12,2.57,M3
34,01:52:44,34.69,90.00,55.31,-0.06,2.59,M3
35,01:52:46,34.88,90.00,55.12,-0.19,2.56,M3
36,01:52:48,34.94,90.00,55.06,-0.06,2.59,M3
37,01:52:50,35.06,90.00,54.94,-0.12,2.57,M3
38,01:52:52,35.19,90.00,54.81,-0.12,2.57,M3
39,01:52:54,35.31,90.00,54.69,-0.12,2.57,M3
40,01:52:56,35.44,90.00,54.56,-0.12,2.57,M3
41,01:52:58,35.56,90.00,54.44,-0.12,2.57,M3
42,01:53:00,35.69,90.00,54.31,-0.12,2.57,M3
43,01:53:02,35.75,90.00,54.25,-0.06,2.59,M3
44,01:53:04,35.88,90.00,54.12,-0.12,2.57,M3
45,01:53:06,36.00,90.00,54.00,-0.12,2.57,M3
46,01:53:08,36.12,90.00,53.88,-0.12,2.57,M3
47,01:53:10,36.25,90.00,53.75,-0.12,2.57,M3
48,01:53:12,36.38,90.00,53.62,-0.12,2.57,M3
49,01:53:14,36.50,90.00,53.50,-0.12,2.57,M3
50,01:53:16,36.62,90.00,53.38,-0.12,2.57,M3
51,01:53:18,36.75,90.00,53.25,-0.12,2.57,M3
52,01:53:20,36.81,90.00,53.19,-0.06,2.59,M3
53,01:53:22,36.94,90.00,53.06,-0.12,2.57,M3
54,01:53:24,37.06,90.00,52.94,-0.12,2.57,M3
55,01:53:26,37.19,90.00,52.81,-0.12,2.57,M3
56,01:53:28,37.31,90.00,52.69,-0.12,2.57,M3
57,01:53:30,37.44,90.00,52.56,-0.12,2.57,M3
58,01:53:32,37.50,90.00,52.50,-0.06,2.59,M3
59,01:53:34,37.62,90.00,52.38,-0.12,2.57,M3
60,01:53:36,37.94,90.00,52.06,-0.12,2.57,M3
61,01:53:38,38.06,90.00,51.94,-0.12,2.57,M3
62,01:53:40,38.19,90.00,51.81,-0.12,2.57,M3
63,01:53:42,38.25,90.00,51.75,-0.06,2.59,M3
64,01:53:44,38.44,90.00,51.56,-0.19,2.56,M3
65,01:53:46,38.56,90.00,51.44,-0.12,2.57,M3
66,01:53:48,38.69,90.00,51.31,-0.12,2.57,M3
67,01:53:50,38.81,90.00,51.19,-0.12,2.57,M3
68,01:53:52,38.88,90.00,51.12,-0.06,2.59,M3
69,01:53:54,39.00,90.00,51.00,-0.12,2.57,M3
70,01:53:56,39.12,90.00,50.88,-0.12,2.57,M3
71,01:53:58,39.31,90.00,50.69,-0.19,2.56,M3
72,01:54:00,39.38,90.00,50.62,-0.06,2.59,M3
73,01:54:02,39.50,90.00,50.50,-0.12,2.57,M3
74,01:54:04,39.62,90.00,50.38,-0.12,2.57,M3
75,01:54:06,39.75,90.00,50.25,-0.12,2.57,M3
76,01:54:09,39.88,90.00,50.12,-0.12,2.57,M3
77,01:54:11,40.00,90.00,50.00,-0.12,2.57,M3
78,01:54:13,40.12,90.00,49.88,-0.12,2.57,M3
79,01:54:15,40.25,90.00,49.75,-0.12,2.57,M3
80,01:54:17,40.38,90.00,49.62,-0.12,2.57,M3
81,01:54:19,40.50,90.00,49.50,-0.12,2.57,M3
82,01:54:21,40.62,90.00,49.38,-0.12,2.57,M3
83,01:54:23,40.75,90.00,49.25,-0.12,2.57,M3
84,01:54:25,40.88,90.00,49.12,-0.12,2.57,M3
85,01:54:27,40.94,90.00,49.06,-0.06,2.59,M3
86,01:54:29,41.06,90.00,48.94,-0.12,2.57,M3
87,01:54:31,41.19,90.00,48.81,-0.12,2.57,M3
88,01:54:33,41.31,90.00,48.69,-0.12,2.57,M3
89,01:54:35,41.44,90.00,48.56,-0.12,2.57,M3
90,01:54:37,41.56,90.00,48.44,-0.12,2.57,M3
91,01:54:39,41.69,90.00,48.31,-0.12,2.57,M3
92,01:54:41,41.81,90.00,48.19,-0.12,2.57,M3
93,01:54:43,41.94,90.00,48.06,-0.12,2.57,M3
94,01:54:45,42.06,90.00,47.94,-0.12,2.57,M3
95,01:54:47,42.19,90.00,47.81,-0.12,2.57,M3
96,01:54:49,42.25,90.00,47.75,-0.06,2.59,M3
97,01:54:51,42.44,90.00,47.56,-0.19,2.56,M3
98,01:54:53,42.56,90.00,47.44,-0.12,2.57,M3
99,01:54:55,42.62,90.00,47.38,-0.06,2.59,M3
100,01:54:57,42.75,90.00,47.25,-0.12,2.57,M3
101,01:54:59,42.88,90.00,47.12,-0.12,2.57,M3
102,01:55:01,43.00,90.00,47.00,-0.12,2.57,M3
103,01:55:03,43.12,90.00,46.88,-0.12,2.57,M3
104,01:55:05,43.25,90.00,46.75,-0.12,2.57,M3
105,01:55:07,43.38,90.00,46.62,-0.12,2.57,M3
106,01:55:09,43.50,90.00,46.50,-0.12,2.57,M3
107,01:55:11,43.62,90.00,46.38,-0.12,2.57,M3
108,01:55:13,43.75,90.00,46.25,-0.12,2.57,M3
109,01:55:15,43.88,90.00,46.12,-0.12,2.57,M3
110,01:55:17,44.00,90.00,46.00,-0.12,2.57,M3
111,01:55:19,44.12,90.00,45.88,-0.12,2.57,M3
112,01:55:21,44.25,90.00,45.75,-0.12,2.57,M3
113,01:55:23,44.38,90.00,45.62,-0.12,2.57,M3
114,01:55:25,44.50,90.00,45.50,-0.12,2.57,M3
115,01:55:27,44.62,90.00,45.38,-0.12,2.57,M3
116,01:55:29,44.75,90.00,45.25,-0.12,2.57,M3
117,01:55:31,44.88,90.00,45.12,-0.12,2.57,M3
118,01:55:33,45.00,90.00,45.00,-0.12,2.57,M3
119,01:55:35,45.06,90.00,44.94,-0.06,2.59,M3
120,01:55:37,45.19,90.00,44.81,-0.12,2.57,M3
121,01:55:39,45.31,90.00,44.69,-0.12,2.57,M3
122,01:55:41,45.44,90.00,44.56,-0.12,2.57,M3
123,01:55:43,45.56,90.00,44.44,-0.12,2.57,M3
124,01:55:45,45.69,90.00,44.31,-0.12,2.57,M3
125,01:55:47,45.75,90.00,44.25,-0.06,2.59,M3
126,01:55:49,45.88,90.00,44.12,-0.12,2.57,M3
127,01:55:52,46.06,90.00,43.94,-0.19,2.56,M3
128,01:55:54,46.12,90.00,43.88,-0.06,2.59,M3
129,01:55:56,46.25,90.00,43.75,-0.12,2.57,M3
130,01:55:58,46.38,90.00,43.62,-0.12,2.57,M3
131,01:56:00,46.56,90.00,43.44,-0.19,2.56,M3
132,01:56:02,46.62,90.00,43.38,-0.06,2.59,M3
133,01:56:04,46.75,90.00,43.25,-0.12,2.57,M3
134,01:56:06,46.88,90.00,43.12,-0.12,2.57,M3
135,01:56:08,47.00,90.00,43.00,-0.12,2.57,M3
136,01:56:10,47.12,90.00,42.88,-0.12,2.57,M3
137,01:56:12,47.25,90.00,42.75,-0.12,2.57,M3
138,01:56:14,47.38,90.00,42.62,-0.12,2.57,M3
139,01:56:16,47.50,90.00,42.50,-0.12,2.57,M3
140,01:56:18,47.62,90.00,42.38,-0.12,2.57,M3
141,01:56:20,47.69,90.00,42.31,-0.06,2.59,M3
142,01:56:22,47.81,90.00,42.19,-0.12,2.57,M3
143,01:56:24,47.94,90.00,42.06,-0.12,2.57,M3
144,01:56:26,48.06,90.00,41.94,-0.12,2.57,M3
145,01:56:28,48.19,90.00,41.81,-0.12,2.57,M3
146,01:56:30,48.31,90.00,41.69,-0.12,2.57,M3
147,01:56:32,48.44,90.00,41.56,-0.12,2.57,M3
148,01:56:34,48.56,90.00,41.44,-0.12,2.57,M3
149,01:56:36,48.69,90.00,41.31,-0.12,2.57,M3
150,01:56:38,48.81,90.00,41.19,-0.12,2.57,M3
151,01:56:40,48.94,90.00,41.06,-0.12,2.57,M3
152,01:56:42,49.06,90.00,40.94,-0.12,2.57,M3
153,01:56:44,49.19,90.00,40.81,-0.12,2.57,M3
154,01:56:46,49.31,90.00,40.69,-0.12,2.57,M3
155,01:56:48,49.38,90.00,40.62,-0.06,2.59,M3
156,01:56:50,49.56,90.00,40.44,-0.19,2.56,M3
157,01:56:52,49.62,90.00,40.38,-0.06,2.59,M3
158,01:56:54,49.81,90.00,40.19,-0.19,2.56,M3
159,01:56:56,49.94,90.00,40.06,-0.12,2.57,M3
160,01:56:58,50.00,90.00,40.00,-0.06,2.59,M3
161,01:57:00,50.12,90.00,39.88,-0.12,2.57,M3
162,01:57:02,50.25,90.00,39.75,-0.12,2.57,M3
163,01:57:04,50.50,90.00,39.50,-0.12,2.57,M3
164,01:57:06,50.56,90.00,39.44,-0.06,2.59,M3
165,01:57:08,50.69,90.00,39.31,-0.12,2.57,M3
166,01:57:10,50.81,90.00,39.19,-0.12,2.57,M3
167,01:57:12,51.00,90.00,39.00,-0.19,2.56,M3
168,01:57:14,51.06,90.00,38.94,-0.06,2.59,M3
169,01:57:16,51.19,90.00,38.81,-0.12,2.57,M3
170,01:57:18,51.31,90.00,38.69,-0.12,2.57,M3
171,01:57:20,51.44,90.00,38.56,-0.12,2.57,M3
172,01:57:22,51.56,90.00,38.44,-0.12,2.57,M3
173,01:57:24,51.69,90.00,38.31,-0.12,2.57,M3
174,01:57:26,51.81,90.00,38.19,-0.12,2.57,M3
175,01:57:28,51.94,90.00,38.06,-0.12,2.57,M3
176,01:57:30,52.00,90.00,38.00,-0.06,2.59,M3
177,01:57:32,52.19,90.00,37.81,-0.19,2.56,M3
178,01:57:35,52.25,90.00,37.75,-0.06,2.59,M3
179,01:57:37,52.44,90.00,37.56,-0.19,2.56,M3
180,01:57:39,52.56,90.00,37.44,-0.12,2.57,M3
181,01:57:41,52.62,90.00,37.38,-0.06,2.59,M3
182,01:57:43,52.75,90.00,37.25,-0.12,2.57,M3
183,01:57:45,52.88,90.00,37.12,-0.12,2.57,M3
184,01:57:47,53.00,90.00,37.00,-0.12,2.57,M3
185,01:57:49,53.12,90.00,36.88,-0.12,2.57,M3
186,01:57:51,53.25,90.00,36.75,-0.12,2.57,M3
187,01:57:53,53.38,90.00,36.62,-0.12,2.57,M3
188,01:57:55,53.50,90.00,36.50,-0.12,2.57,M3
189,01:57:57,53.56,90.00,36.44,-0.06,2.59,M3
190,01:57:59,53.75,90.00,36.25,-0.19,2.56,M3
191,01:58:01,53.88,90.00,36.12,-0.12,2.57,M3
192,01:58:03,54.00,90.00,36.00,-0.12,2.57,M3
193,01:58:05,54.06,90.00,35.94,-0.06,2.58,M3
194,01:58:07,54.19,90.00,35.81,-0.12,2.57,M3
195,01:58:09,54.31,90.00,35.69,-0.12,2.57,M3
196,01:58:11,54.44,90.00,35.56,-0.12,2.57,M3
197,01:58:13,54.56,90.00,35.44,-0.12,2.57,M3
198,01:58:15,54.69,90.00,35.31,-0.12,2.57,M3
199,01:58:17,54.81,90.00,35.19,-0.12,2.57,M3
200,01:58:19,54.94,90.00,35.06,-0.12,2.57,M3
201,01:58:21,55.06,90.00,34.94,-0.12,2.55,M3
202,01:58:23,55.19,90.00,34.81,-0.12,2.54,M3
203,01:58:25,55.25,90.00,34.75,-0.06,2.54,M3
204,01:58:27,55.44,90.00,34.56,-0.19,2.50,M3
205,01:58:29,55.50,90.00,34.50,-0.06,2.52,M3
206,01:58:31,55.62,90.00,34.38,-0.12,2.50,M3
207,01:58:33,55.75,90.00,34.25,-0.12,2.49,M3
208,01:58:35,55.94,90.00,34.06,-0.19,2.45,M3
209,01:58:37,56.00,90.00,34.00,-0.06,2.47,M3
210,01:58:39,56.12,90.00,33.88,-0.12,2.46,M3
211,01:58:41,56.25,90.00,33.75,-0.12,2.45,M3
212,01:58:43,56.38,90.00,33.62,-0.12,2.44,M3
213,01:58:45,56.50,90.00,33.50,-0.12,2.43,M3
214,01:58:47,56.62,90.00,33.38,-0.12,2.41,M3
215,01:58:49,56.75,90.00,33.25,-0.12,2.40,M3
216,01:58:51,56.88,90.00,33.12,-0.12,2.39,M3
217,01:58:53,57.00,90.00,33.00,-0.12,2.38,M3
218,01:58:55,57.12,90.00,32.88,-0.12,2.37,M3
219,01:58:57,57.25,90.00,32.75,-0.12,2.36,M3
220,01:58:59,57.38,90.00,32.62,-0.12,2.35,M3
221,01:59:01,57.50,90.00,32.50,-0.12,2.34,M3
222,01:59:03,57.62,90.00,32.38,-0.12,2.33,M3
223,01:59:05,57.75,90.00,32.25,-0.12,2.32,M3
224,01:59:07,57.81,90.00,32.19,-0.06,2.31,M3
225,01:59:09,57.94,90.00,32.06,-0.12,2.30,M3
226,01:59:12,58.12,90.00,31.88,-0.19,2.28,M3
227,01:59:14,58.19,90.00,31.81,-0.06,2.28,M3
228,01:59:16,58.38,90.00,31.62,-0.19,2.26,M3
229,01:59:18,58.44,90.00,31.56,-0.06,2.26,M3
230,01:59:20,58.56,90.00,31.44,-0.12,2.25,M2
231,01:59:22,58.69,90.00,31.31,-0.12,2.24,M2
232,01:59:24,58.81,90.00,31.19,-0.12,2.23,M2
233,01:59:26,58.94,90.00,31.06,-0.12,2.22,M2
234,01:59:28,59.00,90.00,31.00,-0.06,2.21,M2
235,01:59:30,59.12,90.00,30.88,-0.12,2.20,M2
236,01:59:32,59.25,90.00,30.75,-0.12,2.19,M2
237,01:59:34,59.38,90.00,30.62,-0.12,2.18,M2
238,01:59:36,59.50,90.00,30.50,-0.12,2.17,M2
239,01:59:38,59.56,90.00,30.44,-0.06,2.16,M2
240,01:59:40,59.69,90.00,30.31,-0.12,2.15,M2
241,01:59:42,59.81,90.00,30.19,-0.12,2.14,M2
242,01:59:44,59.94,90.00,30.06,-0.12,2.13,M2
243,01:59:46,60.06,90.00,29.94,-0.12,2.12,M2
244,01:59:48,60.12,90.00,29.88,-0.06,2.12,M2
245,01:59:50,60.25,90.00,29.75,-0.12,2.11,M2
246,01:59:52,60.38,90.00,29.62,-0.12,2.10,M2
247,01:59:54,60.44,90.00,29.56,-0.06,2.09,M2
248,01:59:56,60.56,90.00,29.44,-0.12,2.08,M2
249,01:59:58,60.62,90.00,29.38,-0.06,2.08,M2
250,02:00:00,60.75,90.00,29.25,-0.12,2.07,M2
251,02:00:02,60.88,90.00,29.12,-0.12,2.06,M2
252,02:00:04,60.94,90.00,29.06,-0.06,2.05,M2
253,02:00:06,61.00,90.00,29.00,-0.06,2.05,M2
254,02:00:08,61.12,90.00,28.88,-0.12,2.04,M2
255,02:00:10,61.19,90.00,28.81,-0.06,2.04,M2
256,02:00:12,61.31,90.00,28.69,-0.12,2.03,M2
257,02:00:14,61.44,90.00,28.56,-0.12,2.02,M2
258,02:00:16,61.50,90.00,28.50,-0.06,2.01,M2
259,02:00:18,61.56,90.00,28.44,-0.06,2.01,M2
260,02:00:20,61.69,90.00,28.31,-0.12,2.00,M2
261,02:00:22,61.88,90.00,28.12,-0.12,1.99,M2
262,02:00:24,62.00,90.00,28.00,-0.12,1.98,M2
263,02:00:26,62.06,90.00,27.94,-0.06,1.98,M2
264,02:00:28,62.12,90.00,27.88,-0.06,1.97,M2
265,02:00:30,62.25,90.00,27.75,-0.12,1.96,M2
266,02:00:32,62.38,90.00,27.62,-0.12,1.96,M2
267,02:00:34,62.44,90.00,27.56,-0.06,1.95,M2
268,02:00:36,62.50,90.00,27.50,-0.06,1.95,M2
269,02:00:38,62.62,90.00,27.38,-0.12,1.94,M2
270,02:00:40,62.69,90.00,27.31,-0.06,1.94,M2
271,02:00:42,62.81,90.00,27.19,-0.12,1.93,M2
272,02:00:44,62.94,90.00,27.06,-0.12,1.92,M2
273,02:00:46,63.00,90.00,27.00,-0.06,1.92,M2
274,02:00:48,63.06,90.00,26.94,-0.06,1.91,M2
275,02:00:50,63.19,90.00,26.81,-0.12,1.91,M2
276,02:00:52,63.25,90.00,26.75,-0.06,1.90,M2
277,02:00:55,63.31,90.00,26.69,-0.06,1.90,M2
278,02:00:57,63.44,90.00,26.56,-0.12,1.89,M2
279,02:00:59,63.50,90.00,26.50,-0.06,1.89,M2
280,02:01:01,63.62,90.00,26.38,-0.12,1.88,M2
281,02:01:03,63.69,90.00,26.31,-0.06,1.88,M2
282,02:01:05,63.81,90.00,26.19,-0.12,1.87,M2
283,02:01:07,63.81,90.00,26.19,0.00,1.87,M2
284,02:01:09,63.94,90.00,26.06,-0.12,1.86,M2
285,02:01:11,64.00,90.00,26.00,-0.06,1.86,M2
286,02:01:13,64.12,90.00,25.88,-0.12,1.85,M2
287,02:01:15,64.25,90.00,25.75,-0.12,1.85,M2
288,02:01:17,64.31,90.00,25.69,-0.06,1.84,M2
289,02:01:19,64.38,90.00,25.62,-0.06,1.84,M2
290,02:01:21,64.50,90.00,25.50,-0.12,1.83,M2
291,02:01:23,64.56,90.00,25.44,-0.06,1.83,M2
292,02:01:25,64.62,90.00,25.38,-0.06,1.83,M2
293,02:01:27,64.75,90.00,25.25,-0.12,1.82,M2
294,02:01:29,64.81,90.00,25.19,-0.06,1.82,M2
295,02:01:31,64.88,90.00,25.12,-0.06,1.82,M2
296,02:01:33,65.00,90.00,25.00,-0.12,1.81,M2
297,02:01:35,65.06,90.00,24.94,-0.06,1.81,M2
298,02:01:37,65.19,90.00,24.81,-0.12,1.81,M2
299,02:01:39,65.25,90.00,24.75,-0.06,1.81,M2
300,02:01:41,65.31,90.00,24.69,-0.06,1.81,M2
301,02:01:43,65.44,90.00,24.56,-0.12,1.81,M2
302,02:01:45,65.50,90.00,24.50,-0.06,1.81,M2
303,02:01:47,65.62,90.00,24.38,-0.12,1.81,M2
304,02:01:49,65.69,90.00,24.31,-0.06,1.81,M2
305,02:01:51,65.75,90.00,24.25,-0.06,1.81,M2
306,02:01:53,65.88,90.00,24.12,-0.12,1.81,M2
307,02:01:55,66.00,90.00,24.00,-0.12,1.81,M2
308,02:01:57,66.06,90.00,23.94,-0.06,1.81,M2
309,02:01:59,66.12,90.00,23.88,-0.06,1.81,M2
310,02:02:01,66.25,90.00,23.75,-0.12,1.81,M2
311,02:02:03,66.31,90.00,23.69,-0.06,1.81,M2
312,02:02:05,66.44,90.00,23.56,-0.12,1.81,M2
313,02:02:07,66.50,90.00,23.50,-0.06,1.81,M2
314,02:02:09,66.56,90.00,23.44,-0.06,1.81,M2
315,02:02:11,66.69,90.00,23.31,-0.12,1.81,M2
316,02:02:13,66.75,90.00,23.25,-0.06,1.81,M2
317,02:02:15,66.81,90.00,23.19,-0.06,1.81,M2
318,02:02:17,66.94,90.00,23.06,-0.12,1.81,M2
319,02:02:19,67.00,90.00,23.00,-0.06,1.81,M2
320,02:02:21,67.12,90.00,22.88,-0.12,1.81,M2
321,02:02:23,67.19,90.00,22.81,-0.06,1.82,M2
322,02:02:25,67.31,90.00,22.69,-0.12,1.81,M2
323,02:02:27,67.38,90.00,22.62,-0.06,1.82,M2
324,02:02:29,67.44,90.00,22.56,-0.06,1.82,M2
325,02:02:31,67.50,90.00,22.50,-0.06,1.82,M2
326,02:02:33,67.62,90.00,22.38,-0.12,1.81,M2
327,02:02:35,67.75,90.00,22.25,-0.12,1.81,M2
328,02:02:38,67.81,90.00,22.19,-0.06,1.82,M2
329,02:02:40,67.88,90.00,22.12,-0.06,1.82,M2
330,02:02:42,67.94,90.00,22.06,-0.06,1.82,M2
331,02:02:44,68.06,90.00,21.94,-0.12,1.81,M2
332,02:02:46,68.12,90.00,21.88,-0.06,1.82,M2
333,02:02:48,68.25,90.00,21.75,-0.12,1.81,M2
334,02:02:50,68.31,90.00,21.69,-0.06,1.82,M2
335,02:02:52,68.38,90.00,21.62,-0.06,1.82,M2
336,02:02:54,68.50,90.00,21.50,-0.12,1.81,M2
337,02:02:56,68.56,90.00,21.44,-0.06,1.82,M2
338,02:02:58,68.69,90.00,21.31,-0.12,1.81,M2
339,02:03:00,68.75,90.00,21.25,-0.06,1.82,M2
340,02:03:02,68.81,90.00,21.19,-0.06,1.82,M2
341,02:03:04,68.94,90.00,21.06,-0.12,1.81,M2
342,02:03:06,69.00,90.00,21.00,-0.06,1.82,M2
343,02:03:08,69.12,90.00,20.88,-0.12,1.81,M2
344,02:03:10,69.19,90.00,20.81,-0.06,1.82,M2
345,02:03:12,69.31,90.00,20.69,-0.12,1.81,M2
346,02:03:14,69.38,90.00,20.62,-0.06,1.82,M2
347,02:03:16,69.50,90.00,20.50,-0.12,1.81,M2
348,02:03:18,69.50,90.00,20.50,0.00,1.82,M2
349,02:03:20,69.62,90.00,20.38,-0.12,1.81,M2
350,02:03:22,69.69,90.00,20.31,-0.06,1.82,M2
351,02:03:24,69.81,90.00,20.19,-0.12,1.81,M2
352,02:03:26,69.88,90.00,20.12,-0.06,1.82,M2
353,02:03:28,69.94,90.00,20.06,-0.06,1.82,M2
354,02:03:30,70.06,90.00,19.94,-0.12,1.81,M2
355,02:03:32,70.12,90.00,19.88,-0.06,1.83,M2
356,02:03:34,70.25,90.00,19.75,-0.12,1.81,M2
357,02:03:36,70.31,90.00,19.69,-0.06,1.83,M2
358,02:03:38,70.44,90.00,19.56,-0.12,1.81,M2
359,02:03:40,70.50,90.00,19.50,-0.06,1.83,M2
360,02:03:42,70.56,90.00,19.44,-0.06,1.83,M2
361,02:03:44,70.69,90.00,19.31,-0.12,1.81,M2
362,02:03:46,70.75,90.00,19.25,-0.06,1.83,M2
363,02:03:48,70.88,90.00,19.12,-0.12,1.81,M2
364,02:03:50,71.00,90.00,19.00,-0.06,1.83,M2
365,02:03:52,71.12,90.00,18.88,-0.12,1.81,M2
366,02:03:54,71.19,90.00,18.81,-0.06,1.83,M2
367,02:03:56,71.25,90.00,18.75,-0.06,1.83,M2
368,02:03:58,71.38,90.00,18.62,-0.12,1.81,M2
369,02:04:00,71.44,90.00,18.56,-0.06,1.83,M2
370,02:04:02,71.50,90.00,18.50,-0.06,1.83,M2
371,02:04:04,71.56,90.00,18.44,-0.06,1.83,M2
372,02:04:06,71.69,90.00,18.31,-0.12,1.81,M2
373,02:04:08,71.81,90.00,18.19,-0.12,1.81,M2
374,02:04:10,71.88,90.00,18.12,-0.06,1.83,M2
375,02:04:12,71.94,90.00,18.06,-0.06,1.83,M2
376,02:04:14,72.06,90.00,17.94,-0.12,1.81,M2
377,02:04:16,72.12,90.00,17.88,-0.06,1.83,M2
378,02:04:18,72.19,90.00,17.81,-0.06,1.83,M2
379,02:04:21,72.31,90.00,17.69,-0.12,1.81,M2
380,02:04:23,72.38,90.00,17.62,-0.06,1.83,M2
381,02:04:25,72.44,90.00,17.56,-0.06,1.83,M2
382,02:04:27,72.56,90.00,17.44,-0.12,1.81,M2
383,02:04:29,72.62,90.00,17.38,-0.06,1.83,M2
384,02:04:31,72.75,90.00,17.25,-0.12,1.81,M2
385,02:04:33,72.81,90.00,17.19,-0.06,1.83,M2
386,02:04:35,72.88,90.00,17.12,-0.06,1.83,M2
387,02:04:37,73.00,90.00,17.00,-0.12,1.81,M2
388,02:04:39,73.06,90.00,16.94,-0.06,1.83,M2
389,02:04:41,73.12,90.00,16.88,-0.06,1.83,M2
390,02:04:43,73.25,90.00,16.75,-0.12,1.81,M2
391,02:04:45,73.31,90.00,16.69,-0.06,1.83,M2
392,02:04:47,73.44,90.00,16.56,-0.12,1.81,M2
393,02:04:49,73.50,90.00,16.50,-0.06,1.83,M2
394,02:04:51,73.56,90.00,16.44,-0.06,1.83,M2
395,02:04:53,73.69,90.00,16.31,-0.12,1.81,M2
396,02:04:55,73.75,90.00,16.25,-0.06,1.83,M2
397,02:04:57,73.81,90.00,16.19,-0.06,1.83,M2
398,02:04:59,73.94,90.00,16.06,-0.12,1.81,M2
399,02:05:01,74.00,90.00,16.00,-0.06,1.83,M2
400,02:05:03,74.06,90.00,15.94,-0.06,1.83,M2
401,02:05:05,74.19,90.00,15.81,-0.12,1.81,M2
402,02:05:07,74.25,90.00,15.75,-0.06,1.83,M2
403,02:05:09,74.38,90.00,15.62,-0.12,1.81,M2
404,02:05:11,74.44,90.00,15.56,-0.06,1.83,M2
405,02:05:13,74.50,90.00,15.50,-0.06,1.83,M2
406,02:05:15,74.62,90.00,15.38,-0.12,1.81,M2
407,02:05:17,74.69,90.00,15.31,-0.06,1.83,M2
408,02:05:19,74.75,90.00,15.25,-0.06,1.83,M2
409,02:05:21,74.88,90.00,15.12,-0.12,1.81,M2
410,02:05:23,74.94,90.00,15.06,-0.06,1.83,M2
411,02:05:25,75.06,90.00,14.94,-0.12,1.81,M2
412,02:05:27,75.12,90.00,14.88,-0.06,1.83,M2
413,02:05:29,75.19,90.00,14.81,-0.06,1.83,M2
414,02:05:31,75.25,90.00,14.75,-0.06,1.83,M2
415,02:05:33,75.38,90.00,14.62,-0.12,1.81,M2
416,02:05:35,75.44,90.00,14.56,-0.06,1.83,M2
417,02:05:37,75.56,90.00,14.44,-0.12,1.81,M2
418,02:05:39,75.62,90.00,14.38,-0.06,1.83,M2
419,02:05:41,75.69,90.00,14.31,-0.06,1.83,M2
420,02:05:43,75.75,90.00,14.25,-0.06,1.83,M2
421,02:05:45,75.88,90.00,14.12,-0.12,1.81,M2
422,02:05:47,75.94,90.00,14.06,-0.06,1.83,M2
423,02:05:49,76.06,90.00,13.94,-0.12,1.81,M2
424,02:05:51,76.12,90.00,13.88,-0.06,1.83,M2
425,02:05:53,76.19,90.00,13.81,-0.06,1.83,M2
426,02:05:55,76.25,90.00,13.75,-0.06,1.83,M2
427,02:05:57,76.38,90.00,13.62,-0.12,1.81,M2
428,02:05:59,76.44,90.00,13.56,-0.06,1.83,M2
429,02:06:01,76.50,90.00,13.50,-0.06,1.83,M2
430,02:06:03,76.62,90.00,13.38,-0.12,1.81,M2
431,02:06:06,76.69,90.00,13.31,-0.06,1.83,M2
432,02:06:08,76.81,90.00,13.19,-0.12,1.81,M2
433,02:06:10,76.88,90.00,13.12,-0.06,1.83,M2
434,02:06:12,76.94,90.00,13.06,-0.06,1.83,M2
435,02:06:14,77.00,90.00,13.00,-0.06,1.83,M2
436,02:06:16,77.12,90.00,12.88,-0.12,1.81,M2
437,02:06:18,77.19,90.00,12.81,-0.06,1.83,M2
438,02:06:20,77.31,90.00,12.69,-0.12,1.81,M2
439,02:06:22,77.38,90.00,12.62,-0.06,1.83,M2
440,02:06:24,77.44,90.00,12.56,-0.06,1.83,M2
441,02:06:26,77.56,90.00,12.44,-0.12,1.81,M2
442,02:06:28,77.56,90.00,12.44,0.00,1.83,M2
443,02:06:30,77.75,90.00,12.25,-0.19,1.80,M2
444,02:06:32,77.75,90.00,12.25,0.00,1.83,M2
445,02:06:34,77.88,90.00,12.12,-0.12,1.81,M2
446,02:06:36,77.94,90.00,12.06,-0.06,1.83,M2
447,02:06:38,78.00,90.00,12.00,-0.06,1.83,M2
448,02:06:40,78.12,90.00,11.88,-0.12,1.81,M2
449,02:06:42,78.19,90.00,11.81,-0.06,1.83,M2
450,02:06:44,78.25,90.00,11.75,-0.06,1.83,M2
451,02:06:46,78.38,90.00,11.62,-0.12,1.81,M2
452,02:06:48,78.44,90.00,11.56,-0.06,1.83,M2
453,02:06:50,78.56,90.00,11.44,-0.12,1.81,M2
454,02:06:52,78.62,90.00,11.38,-0.06,1.83,M2
455,02:06:54,78.69,90.00,11.31,-0.06,1.83,M2
456,02:06:56,78.81,90.00,11.19,-0.12,1.81,M2
457,02:06:58,78.88,90.00,11.12,-0.06,1.82,M2
458,02:07:00,78.94,90.00,11.06,-0.06,1.82,M2
459,02:07:02,79.00,90.00,11.00,-0.06,1.82,M2
460,02:07:04,79.12,90.00,10.88,-0.12,1.81,M2
461,02:07:06,79.19,90.00,10.81,-0.06,1.82,M2
462,02:07:08,79.38,90.00,10.62,-0.12,1.81,M2
463,02:07:10,79.44,90.00,10.56,-0.06,1.82,M2
464,02:07:12,79.56,90.00,10.44,-0.12,1.81,M2
465,02:07:14,79.62,90.00,10.38,-0.06,1.82,M2
466,02:07:16,79.69,90.00,10.31,-0.06,1.82,M2
467,02:07:18,79.75,90.00,10.25,-0.06,1.82,M2
468,02:07:20,79.88,90.00,10.12,-0.12,1.81,M2
469,02:07:22,79.94,90.00,10.06,-0.06,1.82,M2
470,02:07:24,80.00,90.00,10.00,-0.06,1.82,M2
471,02:07:26,80.06,90.00,9.94,-0.06,1.82,M2
472,02:07:28,80.12,90.00,9.88,-0.06,1.82,M2
473,02:07:30,80.25,90.00,9.75,-0.12,1.81,M2
474,02:07:32,80.31,90.00,9.69,-0.06,1.82,M2
475,02:07:34,80.44,90.00,9.56,-0.12,1.81,M2
476,02:07:36,80.50,90.00,9.50,-0.06,1.82,M2
477,02:07:38,80.56,90.00,9.44,-0.06,1.82,M2
478,02:07:41,80.62,90.00,9.38,-0.06,1.82,M2
479,02:07:43,80.75,90.00,9.25,-0.12,1.81,M2
480,02:07:45,80.81,90.00,9.19,-0.06,1.82,M2
481,02:07:47,80.94,90.00,9.06,-0.12,1.81,M2
482,02:07:49,81.00,90.00,9.00,-0.06,1.81,M2
483,02:07:51,81.06,90.00,8.94,-0.06,1.81,M2
484,02:07:53,81.12,90.00,8.88,-0.06,1.81,M2
485,02:07:55,81.19,90.00,8.81,-0.06,1.81,M2
486,02:07:57,81.31,90.00,8.69,-0.12,1.81,M2
487,02:07:59,81.38,90.00,8.62,-0.06,1.81,M2
488,02:08:01,81.44,90.00,8.56,-0.06,1.81,M2
489,02:08:03,81.50,90.00,8.50,-0.06,1.81,M2
490,02:08:05,81.62,90.00,8.38,-0.12,1.81,M2
491,02:08:07,81.69,90.00,8.31,-0.06,1.81,M2
492,02:08:09,81.75,90.00,8.25,-0.06,1.81,M2
493,02:08:11,81.88,90.00,8.12,-0.12,1.81,M2
494,02:08:13,81.94,90.00,8.06,-0.06,1.81,M2
495,02:08:15,82.00,90.00,8.00,-0.06,1.81,M2
496,02:08:17,82.12,90.00,7.88,-0.12,1.81,M2
497,02:08:19,82.12,90.00,7.88,0.00,1.81,M2
498,02:08:21,82.25,90.00,7.75,-0.12,1.81,M2
499,02:08:23,82.38,90.00,7.62,-0.12,1.81,M2
500,02:08:25,82.44,90.00,7.56,-0.06,1.81,M2
501,02:08:27,82.50,90.00,7.50,-0.06,1.81,M2
502,02:08:29,82.56,90.00,7.44,-0.06,1.81,M2
503,02:08:31,82.69,90.00,7.31,-0.12,1.80,M2
504,02:08:33,82.69,90.00,7.31,0.00,1.80,M2
505,02:08:35,82.81,90.00,7.19,-0.12,1.80,M2
506,02:08:37,82.88,90.00,7.12,-0.06,1.80,M2
507,02:08:39,82.94,90.00,7.06,-0.06,1.80,M2
508,02:08:41,83.06,90.00,6.94,-0.12,1.80,M2
509,02:08:43,83.12,90.00,6.88,-0.06,1.80,M2
510,02:08:45,83.19,90.00,6.81,-0.06,1.80,M2
511,02:08:47,83.25,90.00,6.75,-0.06,1.80,M2
512,02:08:49,83.38,90.00,6.62,-0.12,1.80,M2
513,02:08:51,83.44,90.00,6.56,-0.06,1.80,M2
514,02:08:53,83.50,90.00,6.50,-0.06,1.80,M2
515,02:08:55,83.56,90.00,6.44,-0.06,1.80,M2
516,02:08:57,83.69,90.00,6.31,-0.12,1.80,M2
517,02:08:59,83.75,90.00,6.25,-0.06,1.80,M2
518,02:09:01,83.81,90.00,6.19,-0.06,1.80,M2
519,02:09:03,83.88,90.00,6.12,-0.06,1.80,M2
520,02:09:05,83.94,90.00,6.06,-0.06,1.80,M2
521,02:09:07,84.06,90.00,5.94,-0.12,1.80,M2
522,02:09:09,84.12,90.00,5.88,-0.06,1.79,M2
523,02:09:11,84.19,90.00,5.81,-0.06,1.79,M2
524,02:09:13,84.31,90.00,5.69,-0.12,1.79,M2
525,02:09:15,84.38,90.00,5.62,-0.06,1.79,M2
526,02:09:17,84.44,90.00,5.56,-0.06,1.79,M2
527,02:09:19,84.50,90.00,5.50,-0.06,1.79,M2
528,02:09:21,84.56,90.00,5.44,-0.06,1.79,M2
529,02:09:24,84.69,90.00,5.31,-0.12,1.79,M2
530,02:09:26,84.75,90.00,5.25,-0.06,1.79,M2
531,02:09:28,84.88,90.00,5.12,-0.12,1.79,M2
532,02:09:30,84.94,90.00,5.06,-0.06,1.79,M2
533,02:09:32,85.00,90.00,5.00,-0.06,1.79,M2
534,02:09:34,85.06,90.00,4.94,-0.06,1.79,M2
535,02:09:36,85.19,90.00,4.81,-0.12,1.79,M2
536,02:09:38,85.25,90.00,4.75,-0.06,1.79,M2
537,02:09:40,85.31,90.00,4.69,-0.06,1.79,M2
538,02:09:42,85.38,90.00,4.62,-0.06,1.79,M2
539,02:09:44,85.50,90.00,4.50,-0.12,1.79,M2
540,02:09:46,85.56,90.00,4.44,-0.06,1.78,M2
541,02:09:48,85.62,90.00,4.38,-0.06,1.78,M2
542,02:09:50,85.69,90.00,4.31,-0.06,1.78,M2
543,02:09:52,85.75,90.00,4.25,-0.06,1.78,M2
544,02:09:54,85.88,90.00,4.12,-0.12,1.78,M2
545,02:09:56,85.94,90.00,4.06,-0.06,1.78,M2
546,02:09:58,86.00,90.00,4.00,-0.06,1.78,M2
547,02:10:00,86.06,90.00,3.94,-0.06,1.78,M2
548,02:10:02,86.19,90.00,3.81,-0.12,1.78,M2
549,02:10:04,86.25,90.00,3.75,-0.06,1.78,M2
550,02:10:06,86.31,90.00,3.69,-0.06,1.78,M2
551,02:10:08,86.38,90.00,3.62,-0.06,1.78,M2
552,02:10:10,86.44,90.00,3.56,-0.06,1.78,M2
553,02:10:12,86.56,90.00,3.44,-0.12,1.78,M2
554,02:10:14,86.62,90.00,3.38,-0.06,1.78,M2
555,02:10:16,86.69,90.00,3.31,-0.06,1.78,M2
556,02:10:18,86.75,90.00,3.25,-0.06,1.78,M2
557,02:10:20,86.88,90.00,3.12,-0.12,1.78,M2
558,02:10:22,86.88,90.00,3.12,0.00,1.78,M2
559,02:10:24,87.00,90.00,3.00,-0.12,1.77,M2
560,02:10:26,87.06,90.00,2.94,-0.06,1.77,M2
561,02:10:28,87.12,90.00,2.88,-0.06,1.77,M2
562,02:10:30,87.31,90.00,2.69,-0.12,1.77,M2
563,02:10:32,87.38,90.00,2.62,-0.06,1.77,M2
564,02:10:34,87.44,90.00,2.56,-0.06,1.77,M2
565,02:10:36,87.50,90.00,2.50,-0.06,1.77,M2
566,02:10:38,87.62,90.00,2.38,-0.12,1.77,M2
567,02:10:40,87.69,90.00,2.31,-0.06,1.77,M2
568,02:10:42,87.75,90.00,2.25,-0.06,1.77,M2
569,02:10:44,87.81,90.00,2.19,-0.06,1.77,M2
570,02:10:46,87.94,90.00,2.06,-0.12,1.77,M2
571,02:10:48,87.94,90.00,2.06,0.00,1.77,M2
572,02:10:50,88.06,90.00,1.94,-0.12,1.68,M2
573,02:10:52,88.12,90.00,1.88,-0.06,1.61,M2
574,02:10:54,88.19,90.00,1.81,-0.06,1.55,M2
575,02:10:56,88.31,90.00,1.69,-0.12,1.43,M2
576,02:10:58,88.31,90.00,1.69,0.00,1.43,M2
577,02:11:01,88.38,90.00,1.62,-0.06,1.38,M2
578,02:11:03,88.44,90.00,1.56,-0.06,1.34,M2
579,02:11:05,88.56,90.00,1.44,-0.12,1.28,M2
580,02:11:07,88.62,90.00,1.38,-0.06,1.25,M2
581,02:11:09,88.69,90.00,1.31,-0.06,1.23,M1
582,02:11:11,88.75,90.00,1.25,-0.06,1.21,M1
583,02:11:13,88.81,90.00,1.19,-0.06,1.19,M1
584,02:11:15,88.88,90.00,1.12,-0.06,1.18,M1
585,02:11:17,89.00,90.00,1.00,-0.12,1.15,M1
586,02:11:19,89.06,90.00,0.94,-0.06,1.14,M1
587,02:11:21,89.12,90.00,0.88,-0.06,1.13,M1
588,02:11:23,89.19,90.00,0.81,-0.06,1.12,M1
589,02:11:25,89.25,90.00,0.75,-0.06,1.11,M1
590,02:11:27,89.31,90.00,0.69,-0.06,1.10,M1
591,02:11:29,89.38,90.00,0.62,-0.06,1.10,M1
592,02:11:31,89.44,90.00,0.56,-0.06,1.09,M1
593,02:11:33,89.44,90.00,0.56,0.00,1.09,M1
594,02:11:35,89.50,90.00,0.50,-0.06,1.08,M1
595,02:11:37,89.56,90.00,0.44,-0.06,1.07,M1
596,02:11:39,89.56,90.00,0.44,0.00,1.07,M1
597,02:11:41,89.62,90.00,0.38,-0.06,1.07,M1
598,02:11:43,89.62,90.00,0.38,0.00,1.07,M1
599,02:11:45,89.69,90.00,0.31,-0.06,1.06,M1
600,02:11:47,89.69,90.00,0.31,0.00,1.06,M1
601,02:11:49,89.75,90.00,0.25,-0.06,1.05,M1
602,02:11:51,89.75,90.00,0.25,0.00,1.06,M1
603,02:11:53,89.81,90.00,0.19,-0.06,1.05,M1
604,02:11:55,89.81,90.00,0.19,0.00,1.05,M1
605,02:11:57,89.81,90.00,0.19,0.00,1.05,M1
606,02:11:59,89.81,90.00,0.19,0.00,1.05,M1
607,02:12:01,89.88,90.00,0.12,-0.06,1.04,M1
608,02:12:03,89.81,90.00,0.19,0.06,1.05,M1
609,02:12:05,89.88,90.00,0.12,-0.06,1.04,M1
610,02:12:07,89.88,90.00,0.12,0.00,1.05,M1
611,02:12:09,89.88,90.00,0.12,0.00,1.05,M1
612,02:12:11,89.88,90.00,0.12,0.00,1.05,M1
613,02:12:13,89.88,90.00,0.12,0.00,1.05,M1
614,02:12:15,89.94,90.00,0.06,-0.06,1.03,M1
615,02:12:17,89.94,90.00,0.06,0.00,1.05,M1
616,02:12:19,89.94,90.00,0.06,0.00,1.05,M1
617,02:12:21,89.94,90.00,0.06,0.00,1.05,M1
618,02:12:23,89.94,90.00,0.06,0.00,1.05,M1
619,02:12:25,89.94,90.00,0.06,0.00,1.05,M1
620,02:12:27,89.94,90.00,0.06,0.00,1.05,M1
621,02:12:29,89.94,90.00,0.06,0.00,1.05,M1
622,02:12:31,90.00,90.00,0.00,-0.06,1.00,M1
623,02:12:33,89.94,90.00,0.06,0.06,1.03,M1
624,02:12:35,90.00,90.00,0.00,-0.06,1.00,M1
625,02:12:37,90.00,90.00,0.00,0.00,1.00,M1
626,02:12:39,89.94,90.00,0.06,0.06,1.03,M1
627,02:12:41,89.94,90.00,0.06,0.00,1.05,M1
628,02:12:44,90.00,90.00,0.00,-0.06,1.00,M1
629,02:12:46,90.00,90.00,0.00,0.00,1.00,M1
630,02:12:48,90.00,90.00,0.00,0.00,1.00,M1
631,02:12:50,90.00,90.00,0.00,0.00,1.00,M1
632,02:12:52,90.00,90.00,0.00,0.00,1.00,M1
633,02:12:54,90.00,90.00,0.00,0.00,1.00,M1
634,02:12:56,90.00,90.00,0.00,0.00,1.00,M1
635,02:12:58,90.00,90.00,0.00,0.00,1.00,M1
636,02:13:00,90.00,90.00,0.00,0.00,1.00,M1
637,02:13:02,90.00,90.00,0.00,0.00,1.00,M1
638,02:13:04,90.06,90.00,-0.06,-0.06,0.96,M1
639,02:13:06,90.00,90.00,0.00,0.06,1.00,M1
640,02:13:08,90.06,90.00,-0.06,-0.06,0.96,M1
641,02:13:10,90.06,90.00,-0.06,0.00,0.95,M1
642,02:13:12,90.06,90.00,-0.06,0.00,0.95,M1
643,02:13:14,90.06,90.00,-0.06,0.00,0.95,M1
644,02:13:16,90.06,90.00,-0.06,0.00,0.95,M1
645,02:13:18,90.06,90.00,-0.06,0.00,0.95,M1
646,02:13:20,90.06,90.00,-0.06,0.00,0.95,M1
647,02:13:22,90.06,90.00,-0.06,0.00,0.95,M1
648,02:13:24,90.06,90.00,-0.06,0.00,0.95,M1
649,02:13:26,90.06,90.00,-0.06,0.00,0.95,M1
650,02:13:28,90.06,90.00,-0.06,0.00,0.95,M1
651,02:13:30,90.06,90.00,-0.06,0.00,0.95,M1
652,02:13:32,90.06,90.00,-0.06,0.00,0.95,M1
653,02:13:34,90.06,90.00,-0.06,0.00,0.95,M1
654,02:13:36,90.06,90.00,-0.06,0.00,0.95,M1
655,02:13:38,90.06,90.00,-0.06,0.00,0.95,M1
656,02:13:40,90.06,90.00,-0.06,0.00,0.95,M1
657,02:13:42,90.06,90.00,-0.06,0.00,0.95,M1
658,02:13:44,90.06,90.00,-0.06,0.00,0.95,M1
659,02:13:46,90.06,90.00,-0.06,0.00,0.95,M1
660,02:13:48,90.12,90.00,-0.12,-0.06,0.95,M1
661,02:13:50,90.12,90.00,-0.12,0.00,0.94,M1
662,02:13:52,90.06,90.00,-0.06,0.06,0.96,M1
663,02:13:54,90.12,90.00,-0.12,-0.06,0.95,M1
664,02:13:56,90.12,90.00,-0.12,-0.06,0.95,M1
665,02:13:58,90.12,90.00,-0.12,0.00,0.94,M1
666,02:14:00,90.12,90.00,-0.12,0.00,0.94,M1
667,02:14:02,90.12,90.00,-0.12,0.00,0.94,M1
668,02:14:04,90.12,90.00,-0.12,0.00,0.94,M1
669,02:14:06,90.12,90.00,-0.12,0.00,0.94,M1
670,02:14:08,90.12,90.00,-0.12,0.00,0.94,M1
671,02:14:10,90.12,90.00,-0.12,0.00,0.94,M1
672,02:14:12,90.12,90.00,-0.12,0.00,0.94,M1
673,02:14:14,90.12,90.00,-0.12,0.00,0.94,M1
674,02:14:16,90.12,90.00,-0.12,0.00,0.94,M1
675,02:14:18,90.12,90.00,-0.12,0.00,0.94,M1
676,02:14:20,90.12,90.00,-0.12,0.00,0.94,M1
677,02:14:22,90.12,90.00,-0.12,0.00,0.94,M1
678,02:14:24,90.12,90.00,-0.12,0.00,0.94,M1
679,02:14:27,90.12,90.00,-0.12,0.00,0.94,M1
680,02:14:29,90.12,90.00,-0.12,0.00,0.94,M1
681,02:14:31,90.12,90.00,-0.12,0.00,0.94,M1
682,02:14:33,90.12,90.00,-0.12,0.00,0.94,M1
683,02:14:35,90.12,90.00,-0.12,0.00,0.94,M1
684,02:14:37,90.12,90.00,-0.12,0.00,0.94,M1
685,02:14:39,90.12,90.00,-0.12,0.00,0.94,M1
686,02:14:41,90.12,90.00,-0.12,0.00,0.94,M1
687,02:14:43,90.12,90.00,-0.12,0.00,0.94,M1
688,02:14:45,90.12,90.00,-0.12,0.00,0.94,M1
689,02:14:47,90.12,90.00,-0.12,0.00,0.94,M1
690,02:14:49,90.12,90.00,-0.12,0.00,0.94,M1
691,02:14:51,90.12,90.00,-0.12,0.00,0.94,M1
692,02:14:53,90.12,90.00,-0.12,0.00,0.94,M1
693,02:14:55,90.12,90.00,-0.12,0.00,0.94,M1
694,02:14:57,90.12,90.00,-0.12,0.00,0.94,M1
695,02:14:59,90.12,90.00,-0.12,0.00,0.94,M1
696,02:15:01,90.12,90.00,-0.12,0.00,0.94,M1
697,02:15:03,90.12,90.00,-0.12,0.00,0.94,M1
698,02:15:05,90.12,90.00,-0.12,0.00,0.94,M1
699,02:15:07,90.12,90.00,-0.12,0.00,0.94,M1
700,02:15:09,90.12,90.00,-0.12,0.00,0.94,M1
701,02:15:11,90.12,90.00,-0.12,0.00,0.94,M1
702,02:15:13,90.12,90.00,-0.12,0.00,0.94,M1
703,02:15:15,90.19,90.00,-0.19,-0.06,0.94,M1
704,02:15:17,90.19,90.00,-0.19,0.00,0.93,M1
705,02:15:19,90.19,90.00,-0.19,0.00,0.93,M1
706,02:15:21,90.19,90.00,-0.19,0.00,0.93,M1
707,02:15:23,90.12,90.00,-0.12,0.06,0.95,M1
708,02:15:25,90.19,90.00,-0.19,-0.06,0.94,M1
709,02:15:27,90.19,90.00,-0.19,0.00,0.93,M1
710,02:15:29,90.19,90.00,-0.19,0.00,0.93,M1
711,02:15:31,90.19,90.00,-0.19,0.00,0.93,M1
712,02:15:33,90.12,90.00,-0.12,0.06,0.95,M1
713,02:15:35,90.19,90.00,-0.19,-0.06,0.94,M1
714,02:15:37,90.19,90.00,-0.19,0.00,0.93,M1
715,02:15:39,90.19,90.00,-0.19,0.00,0.93,M1
716,02:15:41,90.19,90.00,-0.19,0.00,0.93,M1
717,02:15:43,90.19,90.00,-0.19,0.00,0.93,M1
718,02:15:45,90.19,90.00,-0.19,0.00,0.93,M1
719,02:15:47,90.19,90.00,-0.19,0.00,0.93,M1
720,02:15:49,90.19,90.00,-0.19,0.00,0.93,M1
721,02:15:51,90.19,90.00,-0.19,0.00,0.93,M1
722,02:15:53,90.19,90.00,-0.19,0.00,0.93,M1
723,02:15:55,90.12,90.00,-0.12,0.06,0.95,M1
724,02:15:57,90.12,90.00,-0.12,0.00,0.94,M1
725,02:15:59,90.19,90.00,-0.19,-0.06,0.94,M1
726,02:16:01,90.12,90.00,-0.12,0.06,0.95,M1
727,02:16:03,90.19,90.00,-0.19,-0.06,0.94,M1
728,02:16:05,90.12,90.00,-0.12,0.06,0.95,M1
729,02:16:08,90.19,90.00,-0.19,-0.06,0.94,M1
730,02:16:10,90.19,90.00,-0.19,0.00,0.93,M1
731,02:16:12,90.19,90.00,-0.19,0.00,0.93,M1
732,02:16:14,90.19,90.00,-0.19,0.00,0.93,M1
733,02:16:16,90.19,90.00,-0.19,0.00,0.93,M1
734,02:16:18,90.12,90.00,-0.12,0.06,0.95,M1
735,02:16:20,90.19,90.00,-0.19,-0.06,0.94,M1
736,02:16:22,90.19,90.00,-0.19,0.00,0.93,M1
737,02:16:24,90.19,90.00,-0.19,0.00,0.93,M1
738,02:16:26,90.19,90.00,-0.19,0.00,0.93,M1
739,02:16:28,90.19,90.00,-0.19,0.00,0.93,M1
740,02:16:30,90.19,90.00,-0.19,0.00,0.93,M1
741,02:16:32,90.19,90.00,-0.19,0.00,0.93,M1
742,02:16:34,90.19,90.00,-0.19,0.00,0.93,M1
743,02:16:36,90.19,90.00,-0.19,0.00,0.93,M1
744,02:16:38,90.19,90.00,-0.19,0.00,0.93,M1
745,02:16:40,90.19,90.00,-0.19,0.00,0.93,M1
746,02:16:42,90.19,90.00,-0.19,0.00,0.93,M1
747,02:16:44,90.19,90.00,-0.19,0.00,0.93,M1
748,02:16:46,90.19,90.00,-0.19,0.00,0.93,M1
749,02:16:48,90.19,90.00,-0.19,0.00,0.93,M1
750,02:16:50,90.19,90.00,-0.19,0.00,0.93,M1
751,02:16:52,90.19,90.00,-0.19,0.00,0.93,M1
752,02:16:54,90.19,90.00,-0.19,0.00,0.93,M1
753,02:16:56,90.19,90.00,-0.19,0.00,0.93,M1
754,02:16:58,90.19,90.00,-0.19,0.00,0.93,M1
755,02:17:00,90.19,90.00,-0.19,0.00,0.93,M1
756,02:17:02,90.25,90.00,-0.25,-0.06,0.92,M1
757,02:17:04,90.25,90.00,-0.25,0.00,0.92,M1
758,02:17:06,90.19,90.00,-0.19,0.06,0.94,M1
759,02:17:08,90.19,90.00,-0.19,0.00,0.93,M1
760,02:17:10,90.25,90.00,-0.25,-0.06,0.92,M1
761,02:17:12,90.25,90.00,-0.25,0.00,0.92,M1
762,02:17:14,90.25,90.00,-0.25,0.00,0.92,M1
763,02:17:16,90.19,90.00,-0.19,0.00,0.93,M1
764,02:17:18,90.19,90.00,-0.19,0.00,0.93,M1
765,02:17:20,90.25,90.00,-0.25,-0.06,0.92,M1
766,02:17:22,90.25,90.00,-0.25,0.00,0.92,M1
767,02:17:24,90.25,90.00,-0.25,0.00,0.92,M1
768,02:17:26,90.25,90.00,-0.25,0.00,0.92,M1
769,02:17:28,90.25,90.00,-0.25,0.00,0.92,M1
770,02:17:30,90.25,90.00,-0.25,0.00,0.92,M1
771,02:17:32,90.25,90.00,-0.25,0.00,0.92,M1
772,02:17:34,90.25,90.00,-0.25,0.00,0.92,M1
773,02:17:36,90.25,90.00,-0.25,0.00,0.92,M1
774,02:17:38,90.25,90.00,-0.25,0.00,0.92,M1
775,02:17:40,90.25,90.00,-0.25,0.00,0.92,M1
776,02:17:42,90.25,90.00,-0.25,0.00,0.92,M1
777,02:17:45,90.25,90.00,-0.25,0.00,0.92,M1
778,02:17:47,90.25,90.00,-0.25,0.00,0.92,M1
779,02:17:49,90.25,90.00,-0.25,0.00,0.92,M1
780,02:17:51,90.25,90.00,-0.25,0.00,0.92,M1
781,02:17:53,90.25,90.00,-0.25,0.00,0.92,M1
782,02:17:55,90.25,90.00,-0.25,0.00,0.92,M1
783,02:17:57,90.25,90.00,-0.25,0.00,0.92,M1
784,02:17:59,90.25,90.00,-0.25,0.00,0.92,M1
785,02:18:01,90.25,90.00,-0.25,0.00,0.92,M1
786,02:18:03,90.25,90.00,-0.25,0.00,0.92,M1
787,02:18:05,90.25,90.00,-0.25,0.00,0.92,M1
788,02:18:07,90.25,90.00,-0.25,0.00,0.92,M1
789,02:18:09,90.25,90.00,-0.25,0.00,0.92,M1
790,02:18:11,90.25,90.00,-0.25,0.00,0.92,M1
791,02:18:13,90.25,90.00,-0.25,0.00,0.92,M1
792,02:18:15,90.31,90.00,-0.31,-0.06,0.91,M1
793,02:18:17,90.25,90.00,-0.25,0.06,0.92,M1
794,02:18:19,90.31,90.00,-0.31,-0.06,0.91,M1
795,02:18:21,90.31,90.00,-0.31,0.00,0.91,M1
796,02:18:23,90.25,90.00,-0.25,0.06,0.92,M1
797,02:18:25,90.31,90.00,-0.31,-0.06,0.91,M1
798,02:18:27,90.31,90.00,-0.31,0.00,0.91,M1
799,02:18:29,90.31,90.00,-0.31,0.00,0.91,M1
800,02:18:31,90.31,90.00,-0.31,0.00,0.91,M1
801,02:18:33,90.31,90.00,-0.31,0.00,0.91,M1
802,02:18:35,90.31,90.00,-0.31,0.00,0.91,M1
803,02:18:37,90.31,90.00,-0.31,0.00,0.91,M1
804,02:18:39,90.31,90.00,-0.31,0.00,0.91,M1
805,02:18:41,90.31,90.00,-0.31,0.00,0.91,M1
806,02:18:43,90.31,90.00,-0.31,0.00,0.91,M1
807,02:18:45,90.31,90.00,-0.31,0.00,0.91,M1
808,02:18:47,90.31,90.00,-0.31,0.00,0.91,M1
809,02:18:49,90.31,90.00,-0.31,0.00,0.91,M1
810,02:18:51,90.31,90.00,-0.31,0.00,0.91,M1
811,02:18:53,90.31,90.00,-0.31,0.00,0.91,M1
812,02:18:55,90.31,90.00,-0.31,0.00,0.91,M1
813,02:18:57,90.31,90.00,-0.31,0.00,0.91,M1
814,02:18:59,90.31,90.00,-0.31,0.00,0.91,M1
815,02:19:01,90.31,90.00,-0.31,0.00,0.91,M1
816,02:19:03,90.31,90.00,-0.31,0.00,0.91,M1
817,02:19:05,90.31,90.00,-0.31,0.00,0.91,M1
818,02:19:07,90.31,90.00,-0.31,0.00,0.91,M1
819,02:19:09,90.38,90.00,-0.38,-0.06,0.90,M1
820,02:19:11,90.31,90.00,-0.31,0.06,0.91,M1
821,02:19:13,90.31,90.00,-0.31,0.00,0.91,M1
822,02:19:16,90.31,90.00,-0.31,0.00,0.91,M1
823,02:19:18,90.31,90.00,-0.31,0.00,0.91,M1
824,02:19:20,90.31,90.00,-0.31,0.00,0.91,M1
825,02:19:22,90.31,90.00,-0.31,0.00,0.91,M1
826,02:19:24,90.31,90.00,-0.31,0.00,0.91,M1
827,02:19:26,90.31,90.00,-0.31,0.00,0.91,M1
828,02:19:28,90.31,90.00,-0.31,0.00,0.91,M1
829,02:19:30,90.31,90.00,-0.31,0.00,0.91,M1
830,02:19:32,90.31,90.00,-0.31,0.00,0.91,M1
831,02:19:34,90.25,90.00,-0.25,0.06,0.92,M1
832,02:19:36,90.31,90.00,-0.31,-0.06,0.91,M1
833,02:19:38,90.31,90.00,-0.31,0.00,0.91,M1
834,02:19:40,90.31,90.00,-0.31,0.00,0.91,M1
835,02:19:42,90.31,90.00,-0.31,0.00,0.91,M1
836,02:19:44,90.31,90.00,-0.31,0.00,0.91,M1
837,02:19:46,90.25,90.00,-0.25,0.06,0.92,M1
838,02:19:48,90.31,90.00,-0.31,-0.06,0.91,M1
839,02:19:50,90.31,90.00,-0.31,0.00,0.91,M1
840,02:19:52,90.25,90.00,-0.25,0.06,0.92,M1
841,02:19:54,90.31,90.00,-0.31,-0.06,0.91,M1
842,02:19:56,90.31,90.00,-0.31,0.00,0.91,M1
843,02:19:58,90.31,90.00,-0.31,0.00,0.91,M1
844,02:20:00,90.31,90.00,-0.31,0.00,0.91,M1
845,02:20:02,90.31,90.00,-0.31,0.00,0.91,M1
846,02:20:04,90.31,90.00,-0.31,0.00,0.91,M1
847,02:20:06,90.31,90.00,-0.31,0.00,0.91,M1
848,02:20:08,90.31,90.00,-0.31,0.00,0.91,M1
849,02:20:10,90.31,90.00,-0.31,0.00,0.91,M1
850,02:20:12,90.31,90.00,-0.31,0.00,0.91,M1
851,02:20:14,90.31,90.00,-0.31,0.00,0.91,M1
852,02:20:16,90.31,90.00,-0.31,0.00,0.91,M1
853,02:20:18,90.25,90.00,-0.25,0.06,0.92,M1
854,02:20:20,90.31,90.00,-0.31,-0.06,0.91,M1
855,02:20:22,90.25,90.00,-0.25,0.06,0.92,M1
856,02:20:24,90.25,90.00,-0.25,0.06,0.92,M1
857,02:20:26,90.31,90.00,-0.31,-0.06,0.91,M1
858,02:20:28,90.25,90.00,-0.25,0.06,0.92,M1
859,02:20:30,90.25,90.00,-0.25,0.00,0.92,M1
860,02:20:32,90.31,90.00,-0.31,-0.06,0.91,M1
861,02:20:34,90.31,90.00,-0.31,0.00,0.91,M1
862,02:20:36,90.31,90.00,-0.31,0.00,0.91,M1
863,02:20:38,90.31,90.00,-0.31,0.00,0.91,M1
864,02:20:40,90.31,90.00,-0.31,0.00,0.91,M1
865,02:20:42,90.25,90.00,-0.25,0.06,0.92,M1
866,02:20:44,90.31,90.00,-0.31,-0.06,0.91,M1
867,02:20:46,90.31,90.00,-0.31,0.00,0.91,M1
868,02:20:48,90.31,90.00,-0.31,0.00,0.91,M1
869,02:20:50,90.31,90.00,-0.31,0.00,0.91,M1
870,02:20:53,90.25,90.00,-0.25,0.06,0.92,M1
871,02:20:55,90.31,90.00,-0.31,-0.06,0.91,M1
872,02:20:57,90.31,90.00,-0.31,0.00,0.91,M1
873,02:20:59,90.25,90.00,-0.25,0.06,0.92,M1
874,02:21:01,90.31,90.00,-0.31,-0.06,0.91,M1
875,02:21:03,90.31,90.00,-0.31,0.00,0.91,M1
876,02:21:05,90.31,90.00,-0.31,0.00,0.91,M1
877,02:21:07,90.31,90.00,-0.31,0.00,0.91,M1
878,02:21:09,90.31,90.00,-0.31,0.00,0.91,M1
879,02:21:11,90.31,90.00,-0.31,0.00,0.91,M1
880,02:21:13,90.31,90.00,-0.31,0.00,0.91,M1
881,02:21:15,90.31,90.00,-0.31,0.00,0.91,M1
882,02:21:17,90.31,90.00,-0.31,0.00,0.91,M1
883,02:21:19,90.31,90.00,-0.31,0.00,0.91,M1
884,02:21:21,90.31,90.00,-0.31,0.00,0.91,M1
885,02:21:23,90.31,90.00,-0.31,0.00,0.91,M1
886,02:21:25,90.31,90.00,-0.31,0.00,0.91,M1
887,02:21:27,90.31,90.00,-0.31,0.00,0.91,M1
888,02:21:29,90.31,90.00,-0.31,0.00,0.91,M1
889,02:21:31,90.31,90.00,-0.31,0.00,0.91,M1
890,02:21:33,90.31,90.00,-0.31,0.00,0.91,M1
891,02:21:35,90.25,90.00,-0.25,0.06,0.92,M1
892,02:21:37,90.31,90.00,-0.31,-0.06,0.91,M1
893,02:21:39,90.31,90.00,-0.31,0.00,0.91,M1
894,02:21:41,90.31,90.00,-0.31,0.00,0.91,M1
895,02:21:43,90.31,90.00,-0.31,0.00,0.91,M1
896,02:21:45,90.31,90.00,-0.31,0.00,0.91,M1
897,02:21:47,90.31,90.00,-0.31,0.00,0.91,M1
898,02:21:49,90.31,90.00,-0.31,0.00,0.91,M1
899,02:21:51,90.31,90.00,-0.31,0.00,0.91,M1
900,02:21:53,90.31,90.00,-0.31,0.00,0.91,M1
901,02:21:55,90.31,90.00,-0.31,0.00,0.91,M1
902,02:21:57,90.31,90.00,-0.31,0.00,0.91,M1
903,02:21:59,90.31,90.00,-0.31,0.00,0.91,M1
904,02:22:01,90.31,90.00,-0.31,0.00,0.91,M1
905,02:22:03,90.31,90.00,-0.31,0.00,0.91,M1
906,02:22:05,90.31,90.00,-0.31,0.00,0.91,M1
907,02:22:07,90.31,90.00,-0.31,0.00,0.91,M1
908,02:22:09,90.31,90.00,-0.31,0.00,0.91,M1
909,02:22:11,90.31,90.00,-0.31,0.00,0.91,M1
910,02:22:13,90.31,90.00,-0.31,0.00,0.91,M1
911,02:22:15,90.31,90.00,-0.31,0.00,0.91,M1
912,02:22:17,90.31,90.00,-0.31,0.00,0.91,M1
913,02:22:19,90.31,90.00,-0.31,0.00,0.91,M1
914,02:22:21,90.31,90.00,-0.31,0.00,0.91,M1
915,02:22:23,90.31,90.00,-0.31,0.00,0.91,M1
916,02:22:25,90.31,90.00,-0.31,0.00,0.91,M1
917,02:22:27,90.31,90.00,-0.31,0.00,0.91,M1
918,02:22:29,90.31,90.00,-0.31,0.00,0.91,M1
919,02:22:32,90.31,90.00,-0.31,0.00,0.91,M1
920,02:22:34,90.25,90.00,-0.25,0.06,0.92,M1
921,02:22:36,90.31,90.00,-0.31,-0.06,0.91,M1
922,02:22:38,90.31,90.00,-0.31,0.00,0.91,M1
923,02:22:40,90.31,90.00,-0.31,0.00,0.91,M1
924,02:22:42,90.31,90.00,-0.31,0.00,0.91,M1
925,02:22:44,90.31,90.00,-0.31,0.00,0.91,M1
926,02:22:46,90.31,90.00,-0.31,0.00,0.91,M1
927,02:22:48,90.31,90.00,-0.31,0.00,0.91,M1
928,02:22:50,90.31,90.00,-0.31,0.00,0.91,M1
929,02:22:52,90.31,90.00,-0.31,0.00,0.91,M1
930,02:22:54,90.25,90.00,-0.25,0.06,0.92,M1
931,02:22:56,90.31,90.00,-0.31,-0.06,0.91,M1
932,02:22:58,90.31,90.00,-0.31,0.00,0.91,M1
933,02:23:00,90.31,90.00,-0.31,0.00,0.91,M1
934,02:23:02,90.31,90.00,-0.31,0.00,0.91,M1
935,02:23:04,90.31,90.00,-0.31,0.00,0.91,M1
936,02:23:06,90.31,90.00,-0.31,0.00,0.91,M1
937,02:23:08,90.25,90.00,-0.25,0.06,0.92,M1
938,02:23:10,90.31,90.00,-0.31,-0.06,0.91,M1
939,02:23:12,90.31,90.00,-0.31,0.00,0.91,M1
940,02:23:14,90.31,90.00,-0.31,0.00,0.91,M1
941,02:23:16,90.25,90.00,-0.25,0.06,0.92,M1
942,02:23:18,90.31,90.00,-0.31,-0.06,0.91,M1
943,02:23:20,90.31,90.00,-0.31,0.00,0.91,M1
944,02:23:22,90.31,90.00,-0.31,0.00,0.91,M1
945,02:23:24,90.31,90.00,-0.31,0.00,0.91,M1
946,02:23:26,90.31,90.00,-0.31,0.00,0.91,M1
947,02:23:28,90.25,90.00,-0.25,0.06,0.92,M1
948,02:23:30,90.25,90.00,-0.25,0.00,0.92,M1
949,02:23:32,90.25,90.00,-0.25,0.00,0.92,M1
950,02:23:34,90.25,90.00,-0.25,0.00,0.92,M1
951,02:23:36,90.31,90.00,-0.31,-0.06,0.91,M1
952,02:23:38,90.25,90.00,-0.25,0.06,0.92,M1
953,02:23:40,90.25,90.00,-0.25,0.00,0.92,M1
954,02:23:42,90.25,90.00,-0.25,0.00,0.92,M1
955,02:23:44,90.25,90.00,-0.25,0.00,0.92,M1
956,02:23:46,90.25,90.00,-0.25,0.00,0.92,M1
957,02:23:48,90.25,90.00,-0.25,0.00,0.92,M1
958,02:23:50,90.25,90.00,-0.25,0.00,0.92,M1
959,02:23:52,90.25,90.00,-0.25,0.00,0.92,M1
960,02:23:54,90.25,90.00,-0.25,0.00,0.92,M1
961,02:23:56,90.31,90.00,-0.31,-0.06,0.91,M1
962,02:23:58,90.25,90.00,-0.25,0.06,0.92,M1
963,02:24:00,90.25,90.00,-0.25,0.00,0.92,M1
964,02:24:02,90.25,90.00,-0.25,0.00,0.92,M1
965,02:24:04,90.25,90.00,-0.25,0.00,0.92,M1
966,02:24:06,90.25,90.00,-0.25,0.00,0.92,M1
967,02:24:09,90.25,90.00,-0.25,0.00,0.92,M1
968,02:24:11,90.25,90.00,-0.25,0.00,0.92,M1
969,02:24:13,90.25,90.00,-0.25,0.00,0.92,M1
970,02:24:15,90.25,90.00,-0.25,0.00,0.92,M1
971,02:24:17,90.25,90.00,-0.25,0.00,0.92,M1
972,02:24:19,90.25,90.00,-0.25,0.00,0.92,M1
973,02:24:21,90.25,90.00,-0.25,0.00,0.92,M1
974,02:24:23,90.25,90.00,-0.25,0.00,0.92,M1
975,02:24:25,90.25,90.00,-0.25,0.00,0.92,M1
976,02:24:27,90.25,90.00,-0.25,0.00,0.92,M1
977,02:24:29,90.25,90.00,-0.25,0.00,0.92,M1
978,02:24:31,90.25,90.00,-0.25,0.00,0.92,M1
979,02:24:33,90.25,90.00,-0.25,0.00,0.92,M1
980,02:24:35,90.25,90.00,-0.25,0.00,0.92,M1
981,02:24:37,90.25,90.00,-0.25,0.00,0.92,M1
982,02:24:39,90.25,90.00,-0.25,0.00,0.92,M1
983,02:24:41,90.25,90.00,-0.25,0.00,0.92,M1
984,02:24:43,90.25,90.00,-0.25,0.00,0.92,M1
985,02:24:45,90.25,90.00,-0.25,0.00,0.92,M1
986,02:24:47,90.25,90.00,-0.25,0.00,0.92,M1
987,02:24:49,90.25,90.00,-0.25,0.00,0.92,M1
988,02:24:51,90.25,90.00,-0.25,0.00,0.92,M1
989,02:24:53,90.25,90.00,-0.25,0.00,0.92,M1
990,02:24:55,90.19,90.00,-0.19,0.06,0.94,M1
991,02:24:57,90.25,90.00,-0.25,-0.06,0.92,M1
992,02:24:59,90.19,90.00,-0.19,0.06,0.94,M1
993,02:25:01,90.25,90.00,-0.25,-0.06,0.92,M1
994,02:25:03,90.25,90.00,-0.25,0.00,0.92,M1
995,02:25:05,90.25,90.00,-0.25,0.00,0.92,M1
996,02:25:07,90.25,90.00,-0.25,0.00,0.92,M1
997,02:25:09,90.25,90.00,-0.25,0.00,0.92,M1
998,02:25:11,90.25,90.00,-0.25,0.00,0.92,M1
999,02:25:13,90.25,90.00,-0.25,0.00,0.92,M1
1000,02:25:15,90.25,90.00,-0.25,0.00,0.92,M1
1001,02:25:17,90.25,90.00,-0.25,0.00,0.92,M1
1002,02:25:19,90.25,90.00,-0.25,0.00,0.92,M1
1003,02:25:21,90.25,90.00,-0.25,0.00,0.92,M1
1004,02:25:23,90.25,90.00,-0.25,0.00,0.92,M1
1005,02:25:25,90.25,90.00,-0.25,0.00,0.92,M1
1006,02:25:27,90.25,90.00,-0.25,0.00,0.92,M1
1007,02:25:29,90.25,90.00,-0.25,0.00,0.92,M1
1008,02:25:31,90.25,90.00,-0.25,0.00,0.92,M1
1009,02:25:33,90.25,90.00,-0.25,0.00,0.92,M1
1010,02:25:35,90.25,90.00,-0.25,0.00,0.92,M1
1011,02:25:37,90.25,90.00,-0.25,0.00,0.92,M1
1012,02:25:39,90.25,90.00,-0.25,0.00,0.92,M1
1013,02:25:41,90.25,90.00,-0.25,0.00,0.92,M1
1014,02:25:43,90.25,90.00,-0.25,0.00,0.92,M1
1015,02:25:45,90.25,90.00,-0.25,0.00,0.92,M1
1016,02:25:48,90.25,90.00,-0.25,0.00,0.92,M1
1017,02:25:50,90.25,90.00,-0.25,0.00,0.92,M1
1018,02:25:52,90.25,90.00,-0.25,0.00,0.92,M1
1019,02:25:54,90.25,90.00,-0.25,0.00,0.92,M1
1020,02:25:56,90.25,90.00,-0.25,0.00,0.92,M1
1021,02:25:58,90.25,90.00,-0.25,0.00,0.92,M1
1022,02:26:00,90.25,90.00,-0.25,0.00,0.92,M1
1023,02:26:02,90.31,90.00,-0.31,-0.06,0.91,M1
1024,02:26:04,90.25,90.00,-0.25,0.06,0.92,M1
1025,02:26:06,90.25,90.00,-0.25,0.00,0.92,M1
1026,02:26:08,90.25,90.00,-0.25,0.00,0.92,M1
1027,02:26:10,90.25,90.00,-0.25,0.00,0.92,M1
1028,02:26:12,90.25,90.00,-0.25,0.00,0.92,M1
1029,02:26:14,90.25,90.00,-0.25,0.00,0.92,M1
1030,02:26:16,90.25,90.00,-0.25,0.00,0.92,M1
1031,02:26:18,90.25,90.00,-0.25,0.00,0.92,M1
1032,02:26:20,90.25,90.00,-0.25,0.00,0.92,M1
1033,02:26:22,90.25,90.00,-0.25,0.00,0.92,M1
1034,02:26:24,90.25,90.00,-0.25,0.00,0.92,M1
1035,02:26:26,90.25,90.00,-0.25,0.00,0.92,M1
1036,02:26:28,90.25,90.00,-0.25,0.00,0.92,M1
1037,02:26:30,90.25,90.00,-0.25,0.00,0.92,M1
1038,02:26:32,90.25,90.00,-0.25,0.00,0.92,M1
1039,02:26:34,90.25,90.00,-0.25,0.00,0.92,M1
1040,02:26:36,90.25,90.00,-0.25,0.00,0.92,M1
1041,02:26:38,90.25,90.00,-0.25,0.00,0.92,M1
1042,02:26:40,90.25,90.00,-0.25,0.00,0.92,M1
1043,02:26:42,90.31,90.00,-0.31,-0.06,0.91,M1
1044,02:26:44,90.31,90.00,-0.31,0.00,0.91,M1
1045,02:26:46,90.25,90.00,-0.25,0.06,0.92,M1
1046,02:26:48,90.31,90.00,-0.31,-0.06,0.91,M1
1047,02:26:50,90.31,90.00,-0.31,0.00,0.91,M1
1048,02:26:52,90.31,90.00,-0.31,0.00,0.91,M1
1049,02:26:54,90.31,90.00,-0.31,0.00,0.91,M1
1050,02:26:56,90.25,90.00,-0.25,0.06,0.92,M1
1051,02:26:58,90.31,90.00,-0.31,-0.06,0.91,M1
1052,02:27:00,90.25,90.00,-0.25,0.06,0.92,M1
1053,02:27:02,90.31,90.00,-0.31,-0.06,0.91,M1
1054,02:27:04,90.31,90.00,-0.31,0.00,0.91,M1
1055,02:27:06,90.25,90.00,-0.25,0.06,0.92,M1
1056,02:27:08,90.31,90.00,-0.31,-0.06,0.91,M1
1057,02:27:10,90.25,90.00,-0.25,0.06,0.92,M1
1058,02:27:12,90.25,90.00,-0.25,0.00,0.92,M1
1059,02:27:14,90.31,90.00,-0.31,-0.06,0.91,M1
1060,02:27:16,90.25,90.00,-0.25,0.06,0.92,M1
1061,02:27:18,90.31,90.00,-0.31,-0.06,0.91,M1
1062,02:27:20,90.25,90.00,-0.25,0.06,0.92,M1
1063,02:27:22,90.25,90.00,-0.25,0.00,0.92,M1
1064,02:27:25,90.25,90.00,-0.25,0.00,0.92,M1
1065,02:27:27,90.25,90.00,-0.25,0.00,0.92,M1
1066,02:27:29,90.25,90.00,-0.25,0.00,0.92,M1
1067,02:27:31,90.25,90.00,-0.25,0.00,0.92,M1
1068,02:27:33,90.25,90.00,-0.25,0.00,0.92,M1
1069,02:27:35,90.19,90.00,-0.19,0.06,0.94,M1
1070,02:27:37,90.25,90.00,-0.25,-0.06,0.92,M1
1071,02:27:39,90.25,90.00,-0.25,0.00,0.92,M1
1072,02:27:41,90.25,90.00,-0.25,0.00,0.92,M1
1073,02:27:43,90.25,90.00,-0.25,0.00,0.92,M1
1074,02:27:45,90.25,90.00,-0.25,0.00,0.92,M1
1075,02:27:47,90.25,90.00,-0.25,0.00,0.92,M1
1076,02:27:49,90.25,90.00,-0.25,0.00,0.92,M1
1077,02:27:51,90.25,90.00,-0.25,0.00,0.92,M1
1078,02:27:53,90.25,90.00,-0.25,0.00,0.92,M1
1079,02:27:55,90.25,90.00,-0.25,0.00,0.92,M1
1080,02:27:57,90.25,90.00,-0.25,0.00,0.92,M1
1081,02:27:59,90.25,90.00,-0.25,0.00,0.92,M1
1082,02:28:01,90.25,90.00,-0.25,0.00,0.92,M1
1083,02:28:03,90.25,90.00,-0.25,0.00,0.92,M1
1084,02:28:05,90.25,90.00,-0.25,0.00,0.92,M1
1085,02:28:07,90.25,90.00,-0.25,0.00,0.92,M1
1086,02:28:09,90.25,90.00,-0.25,0.00,0.92,M1
1087,02:28:11,90.25,90.00,-0.25,0.00,0.92,M1
1088,02:28:13,90.25,90.00,-0.25,0.00,0.92,M1
1089,02:28:15,90.25,90.00,-0.25,0.00,0.92,M1
1090,02:28:17,90.25,90.00,-0.25,0.00,0.92,M1
1091,02:28:19,90.25,90.00,-0.25,0.00,0.92,M1
1092,02:28:21,90.25,90.00,-0.25,0.00,0.92,M1
1093,02:28:23,90.25,90.00,-0.25,0.00,0.92,M1
1094,02:28:25,90.25,90.00,-0.25,0.00,0.92,M1
1095,02:28:27,90.25,90.00,-0.25,0.00,0.92,M1
1096,02:28:29,90.25,90.00,-0.25,0.00,0.92,M1
1097,02:28:31,90.25,90.00,-0.25,0.00,0.92,M1
1098,02:28:33,90.25,90.00,-0.25,0.00,0.92,M1
1099,02:28:35,90.25,90.00,-0.25,0.00,0.92,M1
1100,02:28:37,90.25,90.00,-0.25,0.00,0.92,M1
1101,02:28:39,90.19,90.00,-0.19,0.06,0.94,M1
1102,02:28:41,90.25,90.00,-0.25,-0.06,0.92,M1
1103,02:28:43,90.25,90.00,-0.25,0.00,0.92,M1
1104,02:28:45,90.25,90.00,-0.25,0.00,0.92,M1
1105,02:28:47,90.25,90.00,-0.25,0.00,0.92,M1
1106,02:28:49,90.25,90.00,-0.25,0.00,0.92,M1
1107,02:28:51,90.25,90.00,-0.25,0.00,0.92,M1
1108,02:28:53,90.25,90.00,-0.25,0.00,0.92,M1
1109,02:28:55,90.25,90.00,-0.25,0.00,0.92,M1
1110,02:28:57,90.25,90.00,-0.25,0.00,0.92,M1
1111,02:29:00,90.25,90.00,-0.25,0.00,0.92,M1
1112,02:29:02,90.25,90.00,-0.25,0.00,0.92,M1
1113,02:29:04,90.25,90.00,-0.25,0.00,0.92,M1
1114,02:29:06,90.25,90.00,-0.25,0.00,0.92,M1
1115,02:29:08,90.25,90.00,-0.25,0.00,0.92,M1
1116,02:29:10,90.31,90.00,-0.31,-0.06,0.91,M1
1117,02:29:12,90.25,90.00,-0.25,0.06,0.92,M1
1118,02:29:14,90.31,90.00,-0.31,-0.06,0.91,M1
1119,02:29:16,90.31,90.00,-0.31,0.00,0.91,M1
1120,02:29:18,90.31,90.00,-0.31,0.00,0.91,M1
1121,02:29:20,90.31,90.00,-0.31,0.00,0.91,M1
1122,02:29:22,90.31,90.00,-0.31,0.00,0.91,M0
